ticker,company_name,strategy,signal_count,oos_signal_count,oos_signal_count_detected,classification,is_selected_strike_method,is_method_met_safety_target,neighbor_stable,benchmark_horizon,is_touch_pct,is_terminal_itm_pct,oos_touch_pct,oos_breach_pct,oos_terminal_itm_pct,oos_median_forward_return,oos_median_mae,oos_worst_mae,oos_avg_strike_distance_pct,avg_atr_dollars,avg_atr_pct,split_date
A,,Strategy1,71,20,21,Effective,OTM_10pct,True,False,25,0.24,0.12,0.25,0.2,0.05,0.013535030135257253,-0.056513902868712496,-0.17810484310448982,0.09999999999999998,1.3639619230504492,0.023361671659181755,2018-08-14
A,,Strategy2,55,13,13,Insufficient Data,ATR_3,True,True,25,0.2857142857142857,0.14285714285714285,0.3076923076923077,0.23076923076923078,0.15384615384615385,0.05298801729167235,-0.04337837815097301,-0.14931723212024128,0.07416569948932558,1.4052964743081624,0.029932146984260978,2018-08-14
AAPL,,Strategy1,110,43,43,Effective,OTM_10pct,True,False,25,0.31343283582089554,0.1044776119402985,0.06976744186046512,0.046511627906976744,0.023255813953488372,0.031800025137010746,-0.033579584989614,-0.15391340429290212,0.09999999999999999,0.8456412082030016,0.028612493336211863,2012-11-29
AAPL,,Strategy2,98,21,21,Effective,OTM_10pct,False,False,25,0.4155844155844156,0.15584415584415584,0.14285714285714285,0.09523809523809523,0.0,0.08038257696983875,-0.01717860518928005,-0.14177235723508685,0.09999999999999996,0.4296501753607401,0.03273895013031339,2012-11-29
ABBV,,Strategy1,31,9,9,Insufficient Data,OTM_7pct,True,False,25,0.22727272727272727,0.13636363636363635,0.4444444444444444,0.3333333333333333,0.2222222222222222,0.008819026310003197,-0.02937851383187673,-0.1462064246307756,0.07000000000000003,2.178571542836554,0.018985419713692882,2022-07-21
ABBV,,Strategy2,28,11,11,Insufficient Data,OTM_10pct,True,False,25,0.058823529411764705,0.058823529411764705,0.2727272727272727,0.18181818181818182,0.09090909090909091,0.01794874915962552,-0.044943004507863815,-0.1889389683194087,0.09999999999999999,2.4285717983635102,0.019753450872575386,2022-07-21
ABNB,,Strategy1,14,2,3,Insufficient Data,OTM_7pct,False,False,25,0.2727272727272727,0.2727272727272727,0.5,0.5,0.5,-0.01656040247307272,-0.10283991064992426,-0.1449185840728805,0.07000000000000003,4.642555898549604,0.03202453118492969,2024-12-09
ABNB,,Strategy2,17,6,7,Insufficient Data,OTM_10pct,False,False,25,0.6,0.4,0.0,0.0,0.0,0.013841389657575753,-0.055696925685450815,-0.07425389349583955,0.09999999999999996,4.334508206664013,0.03263174466802655,2024-12-09
ABT,,Strategy1,108,35,35,Effective,OTM_10pct,True,False,25,0.1780821917808219,0.0547945205479452,0.08571428571428572,0.08571428571428572,0.02857142857142857,0.018470419472819577,-0.02709677911573838,-0.17026285569077937,0.1,0.6173196470059414,0.01888247860265018,2012-09-07
ABT,,Strategy2,114,27,27,Effective,ATR_3,True,True,25,0.3103448275862069,0.08045977011494253,0.18518518518518517,0.18518518518518517,0.1111111111111111,0.0004270049601651227,-0.02733296057967105,-0.19893188473298518,0.05045070590922297,0.5373308709764242,0.020865615512654843,2012-09-07
ACGL,,Strategy1,61,23,23,Effective,ATR_3,True,True,25,0.34210526315789475,0.13157894736842105,0.21739130434782608,0.21739130434782608,0.043478260869565216,0.035630174124438474,-0.025921526096657432,-0.12211290182709811,0.058341082931401944,0.5623396438234584,0.01890889204418582,2017-05-12
ACGL,,Strategy2,81,20,20,Effective,OTM_7pct,True,False,25,0.29508196721311475,0.13114754098360656,0.25,0.15,0.05,0.023145290430686583,-0.02873906766596407,-0.17948499873282953,0.07000000000000006,0.45074156920115155,0.01947819419612234,2017-05-12
ACN,,Strategy1,72,19,19,Insufficient Data,OTM_7pct,True,True,25,0.2641509433962264,0.1320754716981132,0.3157894736842105,0.3157894736842105,0.21052631578947367,0.02433094146401249,-0.03867652095522134,-0.36209305164425876,0.07000000000000008,2.034275788163382,0.019861705198812904,2019-02-14
ACN,,Strategy2,60,21,21,Effective,OTM_10pct,True,False,25,0.20512820512820512,0.1282051282051282,0.19047619047619047,0.19047619047619047,0.09523809523809523,0.028129965759255526,-0.04631108903379377,-0.25148437720149,0.09999999999999996,2.792833549635751,0.020937898162449457,2019-02-14
ADBE,,Strategy1,101,31,31,Not Effective,ATR_3,False,False,25,0.3142857142857143,0.17142857142857143,0.6451612903225806,0.5161290322580645,0.22580645161290322,-0.013120071176361603,-0.0852672058469427,-0.1972398540947874,0.06433777145346027,2.6562625758212897,0.032082991757825065,2014-08-15
ADBE,,Strategy2,92,26,26,Neutral,ATR_3,False,True,25,0.36363636363636365,0.18181818181818182,0.38461538461538464,0.34615384615384615,0.19230769230769232,0.008680104464548699,-0.04833626738545993,-0.23124824311987857,0.06980619339573377,2.29795639707435,0.03383191215608983,2014-08-15
ADI,,Strategy1,99,30,30,Effective,OTM_10pct,True,True,25,0.3188405797101449,0.14492753623188406,0.13333333333333333,0.06666666666666667,0.03333333333333333,0.012485857967828973,-0.051616313366598554,-0.17361111419555353,0.10000000000000002,1.4807914517185563,0.029535927205777048,2012-09-07
ADI,,Strategy2,119,44,45,Effective,OTM_10pct,False,False,25,0.33783783783783783,0.20270270270270271,0.18181818181818182,0.13636363636363635,0.022727272727272728,0.02810523203688653,-0.050240799740777886,-0.3264628280002735,0.1,1.8119506831107584,0.03144571400022462,2012-09-07
ADM,,Strategy1,101,34,34,Effective,ATR_3,True,True,25,0.29850746268656714,0.13432835820895522,0.2647058823529412,0.2647058823529412,0.14705882352941177,0.026384044925406247,-0.02607111555391245,-0.29112510052566576,0.05676403282968159,0.5423230773320125,0.022657698378960395,2012-09-07
ADM,,Strategy2,96,26,26,Neutral,OTM_7pct,True,False,25,0.34285714285714286,0.14285714285714285,0.34615384615384615,0.2692307692307692,0.11538461538461539,-0.00428820571483568,-0.047259291190287045,-0.1299239670461475,0.07000000000000005,0.5957840635840383,0.023436409163879988,2012-09-07
ADP,,Strategy1,105,31,31,Effective,OTM_10pct,True,True,25,0.1891891891891892,0.08108108108108109,0.0967741935483871,0.06451612903225806,0.0,0.0017147315751473435,-0.03493110929967291,-0.1205575334346688,0.10000000000000005,0.9838459778805165,0.018829697577040345,2012-09-07
ADP,,Strategy2,128,36,36,Neutral,OTM_7pct,True,False,25,0.2826086956521739,0.11956521739130435,0.25,0.2222222222222222,0.16666666666666666,-0.0015050374925806853,-0.0410618173942911,-0.17293382782797573,0.07000000000000005,1.0435309698805213,0.019146768545127014,2012-09-07
ADSK,,Strategy1,96,29,29,Neutral,OTM_10pct,False,False,25,0.34328358208955223,0.19402985074626866,0.27586206896551724,0.27586206896551724,0.20689655172413793,0.005476687213611164,-0.05848536607624477,-0.4014417505000427,0.09999999999999998,1.6338697182280677,0.029791947027269696,2014-04-15
ADSK,,Strategy2,88,28,28,Effective,OTM_10pct,True,False,25,0.26666666666666666,0.15,0.17857142857142858,0.14285714285714285,0.03571428571428571,0.029116295090938826,-0.06024941238978049,-0.15372854427145144,0.1,1.6788213543303605,0.032791407972610334,2014-04-15
AEE,,Strategy1,60,15,15,Insufficient Data,OTM_7pct,True,False,25,0.3111111111111111,0.1111111111111111,0.06666666666666667,0.06666666666666667,0.06666666666666667,0.01182068973667083,-0.023906895470098166,-0.0972476608293047,0.07000000000000005,0.7527388459160215,0.014659940811104109,2018-01-22
AEE,,Strategy2,66,24,24,Neutral,ATR_2.5,True,True,25,0.3333333333333333,0.14285714285714285,0.5,0.2916666666666667,0.125,-0.006820466241352463,-0.04391307042028325,-0.1324206545327482,0.04728880608963837,1.0062851018203798,0.0173916835650166,2018-01-22
AEP,,Strategy1,119,49,49,Effective,OTM_5pct,True,False,25,0.2714285714285714,0.14285714285714285,0.30612244897959184,0.30612244897959184,0.12244897959183673,0.004788464600209208,-0.024280177016202553,-0.34479216994721174,0.05000000000000005,0.7349808934499094,0.015585298351904826,2007-04-04
AEP,,Strategy2,144,42,42,Effective,OTM_7pct,True,False,25,0.14705882352941177,0.058823529411764705,0.2619047619047619,0.21428571428571427,0.07142857142857142,0.012064597469222171,-0.02981176752100878,-0.34479216994721174,0.07000000000000009,0.6762369729223707,0.016430110940006938,2007-04-04
AES,,Strategy1,75,24,24,Not Effective,ATR_2.5,True,False,25,0.3137254901960784,0.11764705882352941,0.5,0.375,0.2916666666666667,-0.023841352735405275,-0.048421846160657867,-0.6163670817962064,0.059633754116485554,0.4782251021975561,0.028906318197797147,2016-02-03
AES,,Strategy2,82,27,27,Effective,ATR_3,True,True,25,0.32727272727272727,0.10909090909090909,0.18518518518518517,0.14814814814814814,0.1111111111111111,0.0070472434409349916,-0.031914863936120086,-0.2991662388617946,0.06828399711060701,0.4215182190572759,0.02812624605401071,2016-02-03
AFL,,Strategy1,104,40,40,Effective,ATR_3,True,True,25,0.34375,0.125,0.325,0.275,0.15,0.008415067136581023,-0.029966058053738753,-0.20243536770059045,0.046334104480370966,0.49259843620993615,0.02077341379998051,2012-09-07
AFL,,Strategy2,118,35,35,Effective,OTM_10pct,True,True,25,0.2289156626506024,0.0963855421686747,0.02857142857142857,0.02857142857142857,0.02857142857142857,0.005604459084791458,-0.034987643035732985,-0.2551214046189674,0.1,0.39882520612861416,0.020839528808797646,2012-09-07
AIG,,Strategy1,117,42,42,Neutral,OTM_7pct,True,False,25,0.32,0.13333333333333333,0.40476190476190477,0.38095238095238093,0.21428571428571427,0.0066791685944631585,-0.05594625109692092,-0.27162979424428446,0.07000000000000006,6.665622252393266,0.019813659533242454,2010-07-12
AIG,,Strategy2,107,43,43,Neutral,OTM_7pct,True,False,25,0.234375,0.125,0.3488372093023256,0.3023255813953488,0.16279069767441862,0.020107889145904334,-0.04138748522688196,-0.5176848777157532,0.07000000000000009,7.433733995511476,0.020225777235807502,2010-07-12
AIZ,,Strategy1,62,16,16,Insufficient Data,ATR_3,True,False,25,0.32608695652173914,0.10869565217391304,0.4375,0.375,0.1875,-0.003738019317081398,-0.0371373579331023,-0.2053815935016735,0.061933131757603885,1.6258870094053204,0.018562297615671932,2019-11-15
AIZ,,Strategy2,51,13,13,Insufficient Data,OTM_7pct,True,False,25,0.3157894736842105,0.10526315789473684,0.38461538461538464,0.3076923076923077,0.0,-0.006012153998909975,-0.034326691414568566,-0.1310160088686172,0.07000000000000006,1.7194957786581433,0.020887742224733247,2019-11-15
AJG,,Strategy1,84,29,29,Effective,OTM_10pct,True,True,25,0.16363636363636364,0.07272727272727272,0.0,0.0,0.0,0.03065979852747258,-0.017936257219394847,-0.09395655063479225,0.09999999999999999,0.9779995460899509,0.01590218133490589,2013-12-20
AJG,,Strategy2,87,30,30,Effective,OTM_5pct,True,False,25,0.3157894736842105,0.12280701754385964,0.26666666666666666,0.23333333333333334,0.1,0.012787834130639775,-0.03738061421376243,-0.16040309087380755,0.050000000000000044,0.9537370976164619,0.017176638614981338,2013-12-20
AKAM,,Strategy1,67,17,17,Insufficient Data,OTM_10pct,False,True,25,0.24,0.16,0.23529411764705882,0.23529411764705882,0.17647058823529413,0.026868644985755363,-0.044974823699370337,-0.19706781178398558,0.09999999999999995,1.2440404626352195,0.029400632972570947,2018-08-08
AKAM,,Strategy2,57,18,18,Insufficient Data,OTM_10pct,False,False,25,0.41025641025641024,0.20512820512820512,0.2777777777777778,0.2222222222222222,0.05555555555555555,0.0018799981161347068,-0.05785510537416949,-0.19706781178398558,0.1,1.3691885766379515,0.03581897116789776,2018-08-08
ALB,,Strategy1,79,23,24,Neutral,OTM_10pct,True,True,25,0.21818181818181817,0.09090909090909091,0.2608695652173913,0.2608695652173913,0.21739130434782608,0.04129286588346215,-0.05303706954028364,-0.2616871351219028,0.1,2.010874834457315,0.027493714586546012,2016-11-18
ALB,,Strategy2,70,19,19,Insufficient Data,OTM_7pct,True,False,25,0.3333333333333333,0.09803921568627451,0.5263157894736842,0.5263157894736842,0.10526315789473684,-0.010743548878949793,-0.08360653236264093,-0.3743037936053698,0.07000000000000006,1.9887525178948227,0.029944498915894905,2016-11-18
ALGN,,Strategy1,76,24,24,Not Effective,ATR_3,False,True,25,0.36538461538461536,0.17307692307692307,0.5,0.3333333333333333,0.3333333333333333,0.03776443570710675,-0.08212544843452751,-0.36857202591127014,0.09830498332723198,4.396240760733311,0.036342726496737,2018-12-24
ALGN,,Strategy2,50,13,13,Insufficient Data,ATR_3,False,True,25,0.5135135135135135,0.21621621621621623,0.15384615384615385,0.15384615384615385,0.15384615384615385,0.09298190079829727,-0.0508836588302084,-0.20627405822452427,0.11950955151694233,3.991142661571503,0.03868519419475492,2018-12-24
ALL,,Strategy1,78,22,22,Effective,OTM_7pct,True,False,25,0.19642857142857142,0.14285714285714285,0.18181818181818182,0.18181818181818182,0.045454545454545456,0.005346104648385919,-0.03165788705590655,-0.11393044518205453,0.07000000000000006,1.2042845806359372,0.018878950996979425,2016-09-01
ALL,,Strategy2,78,20,20,Effective,OTM_10pct,False,True,25,0.2413793103448276,0.15517241379310345,0.1,0.1,0.05,0.02510017124778785,-0.04046432980129727,-0.13108876950249526,0.1,1.2775734073513159,0.02013125420427565,2016-09-01
ALLE,,Strategy1,21,9,9,Insufficient Data,OTM_10pct,True,False,25,0.08333333333333333,0.08333333333333333,0.2222222222222222,0.2222222222222222,0.1111111111111111,0.024691316647555084,-0.0439619141363542,-0.1437452809024773,0.09999999999999998,2.126190626702341,0.01963210917223573,2022-10-25
ALLE,,Strategy2,24,6,6,Insufficient Data,OTM_7pct,True,False,25,0.16666666666666666,0.05555555555555555,0.16666666666666666,0.16666666666666666,0.16666666666666666,0.09065254022168878,-0.017704225657484862,-0.10463675078682433,0.0700000000000001,1.8664880593617756,0.01885979901225912,2022-10-25
AMAT,,Strategy1,103,36,36,Neutral,ATR_3,False,True,25,0.3880597014925373,0.2537313432835821,0.2777777777777778,0.2222222222222222,0.16666666666666666,0.03813660669478913,-0.050442323657360844,-0.22588915418586653,0.08167441840973526,1.3145329925785778,0.03422426810265266,2012-09-07
AMAT,,Strategy2,100,32,32,Effective,ATR_3,False,True,25,0.38235294117647056,0.22058823529411764,0.34375,0.28125,0.09375,0.05070143389865922,-0.05736978985940394,-0.2313360436123748,0.08599168450484053,1.138870586880616,0.035137130004881764,2012-09-07
AMCR,,Strategy1,15,5,5,Insufficient Data,OTM_7pct,True,False,25,0.3,0.0,0.8,0.8,0.6,-0.07746479882218393,-0.08685450577822151,-0.12197308048539102,0.07000000000000003,1.0200001852852958,0.018360772601313673,2022-05-12
AMCR,,Strategy2,18,9,9,Insufficient Data,ATR_3,True,False,25,0.3333333333333333,0.1111111111111111,0.3333333333333333,0.3333333333333333,0.3333333333333333,-0.005464536310010759,-0.056580638755783785,-0.15527950555836156,0.057731105798080246,0.9285713982960535,0.01780060696632645,2022-05-12
AMD,,Strategy1,108,34,34,Effective,ATR_3,False,True,25,0.4189189189189189,0.22972972972972974,0.29411764705882354,0.2647058823529412,0.11764705882352941,0.05428170656552489,-0.07152897422128696,-0.34552845961828993,0.12665594523274623,1.2792901293468228,0.04366878802912653,2012-09-07
AMD,,Strategy2,104,37,37,Neutral,ATR_3,False,True,25,0.43283582089552236,0.26865671641791045,0.35135135135135137,0.2972972972972973,0.1891891891891892,0.07724137141786769,-0.07660990959176617,-0.3089004840209306,0.1208719580286472,1.1923872512447964,0.041603357989813086,2012-09-07
AME,,Strategy1,92,28,28,Effective,OTM_10pct,True,False,25,0.21875,0.0625,0.03571428571428571,0.03571428571428571,0.03571428571428571,0.009240406465203188,-0.030165451166999202,-0.11743222951361376,0.09999999999999999,0.6723090557393081,0.01928801924796442,2013-12-31
AME,,Strategy2,94,27,27,Neutral,ATR_3,True,True,25,0.31343283582089554,0.13432835820895522,0.3333333333333333,0.2962962962962963,0.2222222222222222,0.011223501122179957,-0.02580290587675138,-0.33482809152992743,0.05018824301462268,0.7044351294772602,0.020591244703529663,2013-12-31
AMGN,,Strategy1,99,31,32,Neutral,ATR_3,True,True,25,0.34328358208955223,0.11940298507462686,0.22580645161290322,0.22580645161290322,0.16129032258064516,0.018942416471363632,-0.03211865120850155,-0.1414061273568894,0.05917119308730489,2.2334844437878023,0.025289732093232625,2013-09-04
AMGN,,Strategy2,103,29,29,Neutral,ATR_3,True,True,25,0.33783783783783783,0.13513513513513514,0.3103448275862069,0.3103448275862069,0.2413793103448276,0.026853921626332378,-0.0428639414202342,-0.22227450229724033,0.06256273116519925,1.9259575718856226,0.027259843847432564,2013-09-04
AMP,,Strategy1,58,11,11,Insufficient Data,OTM_10pct,True,True,25,0.23404255319148937,0.14893617021276595,0.0,0.0,0.0,0.018509362004481167,-0.01619776226336933,-0.08323443699993038,0.09999999999999995,2.605221675534554,0.020492764661000463,2020-05-13
AMP,,Strategy2,43,15,15,Insufficient Data,OTM_7pct,True,False,25,0.32142857142857145,0.14285714285714285,0.5333333333333333,0.3333333333333333,0.06666666666666667,0.06235493485598176,-0.0703214360002058,-0.22185113322618488,0.07000000000000005,4.1265776688078315,0.024311489319346947,2020-05-13
AMT,,Strategy1,70,19,20,Insufficient Data,OTM_7pct,True,False,25,0.34,0.12,0.3157894736842105,0.3157894736842105,0.3157894736842105,-0.01985523496073549,-0.056291105601709246,-0.163419186427589,0.07000000000000006,1.9520639645810032,0.024030272204320042,2018-02-07
AMT,,Strategy2,66,20,20,Neutral,OTM_7pct,True,False,25,0.2826086956521739,0.13043478260869565,0.45,0.4,0.25,-0.014704568349557912,-0.057306648018217055,-0.31617729220345236,0.07000000000000008,2.093566017233448,0.0253258300065383,2018-02-07
AMZN,,Strategy1,92,28,28,Neutral,OTM_10pct,False,False,25,0.359375,0.1875,0.25,0.25,0.21428571428571427,-0.0003038119568742892,-0.060225327137958584,-0.24172252296144747,0.1,1.230819840423809,0.028448218339458826,2017-11-09
AMZN,,Strategy2,61,15,15,Insufficient Data,ATR_2.5,True,True,25,0.34782608695652173,0.10869565217391304,0.26666666666666666,0.2,0.13333333333333333,0.06708798834643837,-0.03386004448027957,-0.12399781188992542,0.05954277443341531,1.0412528320134942,0.03852974811296006,2017-11-09
ANET,,Strategy1,34,13,13,Insufficient Data,OTM_7pct,True,False,25,0.2857142857142857,0.047619047619047616,0.46153846153846156,0.38461538461538464,0.15384615384615385,0.04619148765366954,-0.051882819650562184,-0.29031977580734014,0.07000000000000008,1.4340130326126803,0.03069246372459567,2022-12-22
ANET,,Strategy2,31,10,10,Insufficient Data,OTM_10pct,True,True,25,0.23809523809523808,0.14285714285714285,0.3,0.3,0.2,0.058687732234415146,-0.034404936499110916,-0.3666666666666667,0.09999999999999996,1.6442833139050392,0.032138581531655504,2022-12-22
AON,,Strategy1,102,29,29,Effective,OTM_7pct,True,False,25,0.2328767123287671,0.0821917808219178,0.13793103448275862,0.13793103448275862,0.06896551724137931,0.013109223181460017,-0.01925425145488513,-0.11590379560367603,0.07000000000000008,1.3514693234147144,0.017914700660333547,2012-10-01
AON,,Strategy2,107,40,40,Effective,OTM_10pct,True,False,25,0.23880597014925373,0.13432835820895522,0.15,0.125,0.025,0.013624828658155619,-0.035009626671107574,-0.13748093191557464,0.10000000000000002,1.6518207443094697,0.019480457560564497,2012-10-01
AOS,,Strategy1,99,30,30,Effective,OTM_10pct,True,True,25,0.18840579710144928,0.13043478260869565,0.1,0.06666666666666667,0.06666666666666667,0.029228905784888792,-0.040991988691432224,-0.22940427800033059,0.1,0.42241643904607534,0.021467923782589347,2013-10-04
AOS,,Strategy2,91,30,30,Effective,OTM_10pct,True,False,25,0.21311475409836064,0.04918032786885246,0.06666666666666667,0.06666666666666667,0.03333333333333333,0.01608124583513193,-0.035928493118003724,-0.13473373070286931,0.1,0.47783418081618934,0.021630722903355756,2013-10-04
APA,,Strategy1,111,28,29,Effective,OTM_10pct,True,False,25,0.2926829268292683,0.13414634146341464,0.32142857142857145,0.25,0.14285714285714285,0.040787125823268156,-0.05129993549721035,-0.26879504515210895,0.09999999999999999,0.9951798857562482,0.030384140756272795,2012-06-08
APA,,Strategy2,100,34,34,Effective,OTM_10pct,False,False,25,0.22727272727272727,0.15151515151515152,0.2647058823529412,0.23529411764705882,0.058823529411764705,0.060807196388263596,-0.06132080959534453,-0.32527476823095103,0.09999999999999999,0.8996794893060414,0.032154893929060506,2012-06-08
APD,,Strategy1,114,34,35,Effective,OTM_10pct,True,False,25,0.17721518987341772,0.12658227848101267,0.08823529411764706,0.058823529411764705,0.0,0.011073804864416337,-0.03983103279243061,-0.15512083018053913,0.1,1.6528607786149905,0.01921443635987029,2012-09-07
APD,,Strategy2,112,36,36,Neutral,OTM_10pct,True,False,25,0.18421052631578946,0.07894736842105263,0.2222222222222222,0.19444444444444445,0.1111111111111111,-0.013148678020798887,-0.05092839111439573,-0.14859660428228583,0.1,1.5008720194502756,0.018953477090282108,2012-09-07
APH,,Strategy1,87,32,32,Effective,OTM_10pct,True,True,25,0.34545454545454546,0.12727272727272726,0.09375,0.09375,0.09375,0.00517128355015839,-0.04465641647962243,-0.15760413805643714,0.1,0.42702327283903685,0.021349266563024338,2016-03-16
APH,,Strategy2,73,20,20,Effective,OTM_7pct,True,True,25,0.33962264150943394,0.1320754716981132,0.25,0.2,0.1,0.04317351176241968,-0.047150684020785316,-0.39595707131525193,0.07000000000000005,0.20967643439711423,0.021676383140945076,2016-03-16
APO,,Strategy1,37,13,14,Insufficient Data,OTM_10pct,False,False,25,0.34782608695652173,0.17391304347826086,0.15384615384615385,0.15384615384615385,0.07692307692307693,0.007196749681646519,-0.03095452626473283,-0.23149645306519984,0.09999999999999995,1.5965831601941907,0.025831881485141085,2022-01-07
APO,,Strategy2,39,8,8,Insufficient Data,OTM_10pct,False,True,25,0.25806451612903225,0.1935483870967742,0.5,0.5,0.25,-0.026001077464217204,-0.09757298184987107,-0.22017095842932022,0.09999999999999999,1.2167032070648975,0.027652096634892844,2022-01-07
APP,,Strategy1,14,3,3,Insufficient Data,OTM_10pct,True,True,25,0.18181818181818182,0.09090909090909091,0.3333333333333333,0.3333333333333333,0.3333333333333333,0.2881859610487125,-0.041207626522155594,-0.19745830959743926,0.09999999999999996,5.883526106269992,0.04793525582420325,2025-01-16
APP,,Strategy2,7,1,1,Insufficient Data,ATR_2.5,False,True,25,0.3333333333333333,0.16666666666666666,0.0,0.0,0.0,0.07311076268438788,-0.023381167095220534,-0.023381167095220534,0.16447774633783208,10.208255544000744,0.05734576071422676,2025-01-16
APTV,,Strategy1,31,8,8,Insufficient Data,ATR_3,True,False,25,0.34782608695652173,0.13043478260869565,0.5,0.375,0.125,-0.010415296433507304,-0.08525970083303619,-0.1408960601835758,0.0852138436376422,1.6280202865600584,0.022583929363338556,2022-03-21
APTV,,Strategy2,41,12,13,Insufficient Data,ATR_2.5,True,False,25,0.32142857142857145,0.03571428571428571,0.6666666666666666,0.6666666666666666,0.5,-0.10818074571520886,-0.15321752964439972,-0.2823647870007141,0.07507173547596578,2.36112632817923,0.027391420472741262,2022-03-21
ARE,,Strategy1,63,13,13,Insufficient Data,OTM_10pct,True,True,25,0.16,0.08,0.15384615384615385,0.15384615384615385,0.07692307692307693,-0.0076261125205914215,-0.04022982989103996,-0.294807358347835,0.09999999999999996,1.4716502987608617,0.01782818992627878,2017-11-14
ARE,,Strategy2,65,16,16,Insufficient Data,OTM_5pct,True,False,25,0.30612244897959184,0.10204081632653061,0.4375,0.3125,0.0625,0.0030049180200230063,-0.03907130849620777,-0.30266551019417454,0.050000000000000044,1.698892882630065,0.018402208304844743,2017-11-14
ARES,,Strategy1,26,11,11,Insufficient Data,ATR_3,True,True,25,0.3333333333333333,0.13333333333333333,0.45454545454545453,0.36363636363636365,0.09090909090909091,0.010886811988549239,-0.042964164015595,-0.18371916718098358,0.0825542053715444,2.1194120920621433,0.026206137705740214,2022-12-13
ARES,,Strategy2,19,9,9,Insufficient Data,ATR_3,True,True,25,0.3,0.1,0.3333333333333333,0.1111111111111111,0.0,0.03208710104497503,-0.05391851354528354,-0.141068860885873,0.0775281234072549,1.9124401386519123,0.026597540893369954,2022-12-13
ATO,,Strategy1,78,36,36,Effective,OTM_10pct,True,True,25,0.14285714285714285,0.09523809523809523,0.0,0.0,0.0,0.027242991366532743,-0.024822517274845246,-0.08620507057622662,0.10000000000000002,0.9918479875767187,0.017099920419665494,2013-10-30
ATO,,Strategy2,97,38,38,Effective,ATR_2.5,True,False,25,0.3220338983050847,0.13559322033898305,0.2894736842105263,0.21052631578947367,0.07894736842105263,0.021569923407717018,-0.029756523190221595,-0.15802030111769105,0.040681058763393924,0.9175620865576046,0.01794349381755397,2013-10-30
AVGO,,Strategy1,35,11,11,Insufficient Data,OTM_10pct,True,False,25,0.25,0.125,0.09090909090909091,0.09090909090909091,0.09090909090909091,0.0319114005298875,-0.020172348388213135,-0.15199852907961076,0.09999999999999996,1.8029348704279684,0.02641121061243807,2021-07-14
AVGO,,Strategy2,43,14,14,Insufficient Data,OTM_7pct,True,False,25,0.2413793103448276,0.034482758620689655,0.5714285714285714,0.42857142857142855,0.21428571428571427,0.01293318946770472,-0.07467630672127146,-0.2426012767149187,0.07000000000000006,2.0611928273673072,0.029782913106449937,2021-07-14
AVY,,Strategy1,118,35,35,Effective,OTM_10pct,True,False,25,0.20481927710843373,0.13253012048192772,0.2,0.11428571428571428,0.08571428571428572,0.003101449375605636,-0.048304734592833465,-0.21248171193338405,0.10000000000000002,1.037854482128891,0.019805099281966027,2010-07-26
AVY,,Strategy2,112,35,35,Effective,OTM_7pct,True,False,25,0.2857142857142857,0.12987012987012986,0.34285714285714286,0.17142857142857143,0.05714285714285714,0.008576702297625527,-0.05158732281210199,-0.226194013856031,0.07000000000000006,1.0599721548508627,0.020692175204215808,2010-07-26
AWK,,Strategy1,42,12,12,Insufficient Data,ATR_3,True,False,25,0.23333333333333334,0.1,0.4166666666666667,0.4166666666666667,0.3333333333333333,0.008624861211340651,-0.037191948704243916,-0.13676581495414497,0.05762957970821859,1.4954252599858915,0.01733362050865451,2021-02-23
AWK,,Strategy2,45,9,9,Insufficient Data,ATR_2.5,True,True,25,0.3055555555555556,0.08333333333333333,0.3333333333333333,0.3333333333333333,0.3333333333333333,-0.03507681287631059,-0.04388200639380946,-0.2096691158919496,0.048126763236066086,1.395063373020717,0.01891142837356585,2021-02-23
AXON,,Strategy1,58,22,22,Neutral,ATR_3,False,False,25,0.3611111111111111,0.1388888888888889,0.5,0.45454545454545453,0.18181818181818182,0.010138812339028025,-0.0958332414990094,-0.37706642028550985,0.1036954442050173,4.573038948617251,0.040373966561357735,2019-02-06
AXON,,Strategy2,56,15,15,Insufficient Data,ATR_3,False,False,25,0.36585365853658536,0.2682926829268293,0.4,0.3333333333333333,0.2,0.04268680169009387,-0.0631302039140691,-0.2385240698774136,0.1049411910295999,2.1968052597070233,0.03833177473097087,2019-02-06
AXP,,Strategy1,137,40,40,Effective,OTM_10pct,True,True,25,0.2268041237113402,0.12371134020618557,0.125,0.1,0.075,0.013592663975486863,-0.038891369991413405,-0.41749259298001495,0.10000000000000002,1.2013296779552018,0.022471844676190407,2010-05-07
AXP,,Strategy2,109,41,41,Effective,OTM_7pct,True,False,25,0.3088235294117647,0.14705882352941177,0.17073170731707318,0.0975609756097561,0.07317073170731707,0.028224220570125524,-0.03685350954603295,-0.2549999782017299,0.07000000000000008,1.2333102452801845,0.023411926506377554,2010-05-07
AZO,,Strategy1,77,19,19,Insufficient Data,OTM_10pct,True,False,25,0.20689655172413793,0.10344827586206896,0.2631578947368421,0.10526315789473684,0.05263157894736842,0.010732495601043945,-0.05518670102979206,-0.12879219979042922,0.10000000000000002,14.199568548538688,0.021918617125410517,2016-01-07
AZO,,Strategy2,77,24,24,Neutral,ATR_2.5,True,False,25,0.32075471698113206,0.07547169811320754,0.375,0.25,0.20833333333333334,0.045887136943299156,-0.03040627720824668,-0.33998574520979996,0.056145430294718156,15.334095984973802,0.022934175359937678,2016-01-07
BA,,Strategy1,138,35,35,Effective,OTM_10pct,True,False,25,0.2524271844660194,0.14563106796116504,0.17142857142857143,0.17142857142857143,0.08571428571428572,0.027742167062789536,-0.03794998168945307,-0.22219252968854442,0.10000000000000002,1.3391471988758685,0.024044161716177615,2007-04-04
BA,,Strategy2,145,43,43,Neutral,OTM_10pct,True,True,25,0.24509803921568626,0.13725490196078433,0.20930232558139536,0.20930232558139536,0.13953488372093023,-0.012083725241777032,-0.055049030646924235,-0.5321688802231875,0.10000000000000002,1.4378966095705925,0.02481847037372168,2007-04-04
BAC,,Strategy1,95,33,33,Neutral,OTM_10pct,True,False,25,0.24193548387096775,0.0967741935483871,0.21212121212121213,0.21212121212121213,0.06060606060606061,-0.0056513573094968406,-0.07372793662611421,-0.2057942430084051,0.10000000000000002,0.4486635340783827,0.022059084708921938,2010-07-26
BAC,,Strategy2,112,46,46,Effective,OTM_10pct,True,False,25,0.19696969696969696,0.07575757575757576,0.21739130434782608,0.1956521739130435,0.10869565217391304,0.04122351576994043,-0.03453292476100195,-0.4232970689607548,0.09999999999999998,0.4701813556710068,0.02330119892662984,2010-07-26
BALL,,Strategy1,113,34,34,Neutral,OTM_7pct,True,True,25,0.25316455696202533,0.12658227848101267,0.17647058823529413,0.11764705882352941,0.08823529411764706,-0.0017873863503283238,-0.041261675746006476,-0.18024564393888676,0.07000000000000009,0.3733667716591156,0.020438355994231553,2010-07-26
BALL,,Strategy2,125,38,38,Effective,OTM_10pct,True,False,25,0.21839080459770116,0.13793103448275862,0.15789473684210525,0.10526315789473684,0.05263157894736842,0.008116935831713357,-0.04137009850672779,-0.1720784726150426,0.1,0.36742678220782954,0.020276004776999,2010-07-26
BAX,,Strategy1,110,27,28,Effective,OTM_7pct,True,True,25,0.32926829268292684,0.14634146341463414,0.18518518518518517,0.1111111111111111,0.037037037037037035,0.020784365511411274,-0.03132758310443917,-0.2577873296815494,0.07000000000000006,0.5112003453366166,0.022436787295344925,2013-03-07
BAX,,Strategy2,118,29,29,Neutral,ATR_3,True,True,25,0.34831460674157305,0.11235955056179775,0.41379310344827586,0.3793103448275862,0.2413793103448276,-0.010072405470635593,-0.047660060616759314,-0.2466580892183482,0.05904761309169029,0.5318214318942792,0.021810657953030804,2013-03-07
BBY,,Strategy1,89,33,33,Neutral,OTM_10pct,True,False,25,0.3392857142857143,0.125,0.30303030303030304,0.24242424242424243,0.18181818181818182,-0.010123850445328153,-0.08697595354641052,-0.22011108398437496,0.10000000000000005,1.1895241459433952,0.032690329246001994,2014-03-25
BBY,,Strategy2,93,32,32,Neutral,OTM_10pct,False,False,25,0.4262295081967213,0.2786885245901639,0.375,0.375,0.15625,-0.012728314689305853,-0.0756872240563875,-0.38687102619806835,0.1,1.192065002124888,0.03336120267973101,2014-03-25
BDX,,Strategy1,117,40,40,Effective,OTM_7pct,True,True,25,0.2987012987012987,0.11688311688311688,0.175,0.175,0.125,0.012069162201266304,-0.03194360429969206,-0.285989074858769,0.07000000000000008,1.0622373493308692,0.018444122584095585,2010-07-26
BDX,,Strategy2,129,38,38,Neutral,OTM_7pct,True,False,25,0.3076923076923077,0.14285714285714285,0.18421052631578946,0.15789473684210525,0.05263157894736842,-0.002111221221619497,-0.03213020388640819,-0.1327346541593747,0.07000000000000003,0.9842392968577007,0.019551718592290164,2010-07-26
BEN,,Strategy1,103,31,31,Not Effective,OTM_7pct,True,False,25,0.2916666666666667,0.1388888888888889,0.41935483870967744,0.3548387096774194,0.3225806451612903,0.015329962032031963,-0.04955795930202578,-0.38163340256355704,0.07000000000000008,0.4967997202678132,0.02465498611097231,2013-10-02
BEN,,Strategy2,89,27,28,Neutral,OTM_10pct,True,True,25,0.2459016393442623,0.14754098360655737,0.2222222222222222,0.14814814814814814,0.1111111111111111,-0.011719512378344676,-0.04261311128697087,-0.18576922783484828,0.09999999999999999,0.5193035413949105,0.025811541171769408,2013-10-02
BF-B,,Strategy1,102,32,32,Neutral,ATR_3,True,False,25,0.34285714285714286,0.12857142857142856,0.40625,0.375,0.21875,0.00774849824553292,-0.0388916067139613,-0.2582800103202971,0.052223280612070315,0.35805626364857884,0.01651211419032634,2012-09-07
BF-B,,Strategy2,105,34,34,Neutral,OTM_10pct,True,False,25,0.16901408450704225,0.09859154929577464,0.08823529411764706,0.058823529411764705,0.029411764705882353,-0.0068680062836623534,-0.05320546628700579,-0.14964589642435755,0.09999999999999999,0.37339422932895666,0.01795403217433796,2012-09-07
BG,,Strategy1,51,16,16,Insufficient Data,OTM_10pct,True,False,25,0.17142857142857143,0.11428571428571428,0.1875,0.0625,0.0,0.07041105991627594,-0.0505609133408485,-0.12222926418131053,0.09999999999999995,1.7525068598301137,0.024710330609244737,2019-02-20
BG,,Strategy2,55,20,20,Neutral,OTM_10pct,True,True,25,0.2571428571428571,0.14285714285714285,0.2,0.15,0.15,-0.027091365911124432,-0.06632747066812444,-0.19536315565923046,0.09999999999999998,1.6637793132237029,0.02301313472450923,2019-02-20
BIIB,,Strategy1,80,23,24,Effective,OTM_10pct,True,False,25,0.3392857142857143,0.14285714285714285,0.34782608695652173,0.30434782608695654,0.13043478260869565,0.0004752281868811714,-0.04939650623271363,-0.1802451333813987,0.09999999999999999,3.64091829742704,0.0314703071955814,2016-03-01
BIIB,,Strategy2,79,25,25,Not Effective,ATR_3,True,False,25,0.3333333333333333,0.12962962962962962,0.52,0.48,0.28,-0.038033580450474336,-0.07599312957177651,-0.34673396037520676,0.07950506162208798,3.731941731643287,0.0403825657029236,2016-03-01
BKNG,,Strategy1,61,14,15,Insufficient Data,ATR_3,False,False,25,0.32608695652173914,0.15217391304347827,0.42857142857142855,0.35714285714285715,0.14285714285714285,-0.01330433396566083,-0.052710896420065045,-0.11919093992762719,0.06394426212376467,0.977338747551067,0.034437923319572246,2018-06-06
BKNG,,Strategy2,55,18,19,Insufficient Data,ATR_3,False,False,25,0.3055555555555556,0.16666666666666666,0.2777777777777778,0.2222222222222222,0.16666666666666666,0.030002224661937138,-0.04436262538230379,-0.40843623024326836,0.08071765269532957,1.3914242612851129,0.035922830316424334,2018-06-06
BKR,,Strategy1,94,31,31,Neutral,ATR_3,True,True,25,0.3492063492063492,0.14285714285714285,0.41935483870967744,0.3870967741935484,0.22580645161290322,0.02170034027451795,-0.06382982972098727,-0.20091747550106975,0.09120759880601749,1.11312124866845,0.02894130519575624,2014-10-24
BKR,,Strategy2,88,29,29,Effective,OTM_10pct,True,True,25,0.3389830508474576,0.11864406779661017,0.20689655172413793,0.1724137931034483,0.06896551724137931,0.009365600833286747,-0.06918426325515159,-0.2757875234898989,0.10000000000000003,1.133878364191427,0.031042900892101412,2014-10-24
BLDR,,Strategy1,41,13,13,Insufficient Data,OTM_10pct,False,False,25,0.39285714285714285,0.21428571428571427,0.46153846153846156,0.46153846153846156,0.38461538461538464,0.0107936152705439,-0.09535628945233243,-0.24369841584376017,0.09999999999999996,1.5631065223275162,0.039060309988369714,2020-04-21
BLDR,,Strategy2,36,10,10,Insufficient Data,ATR_3,False,False,25,0.4230769230769231,0.07692307692307693,0.4,0.3,0.2,0.10320098715501602,-0.08554186472103231,-0.20804634010671685,0.12188584757305125,1.35694473934552,0.038614657374863054,2020-04-21
BLK,,Strategy1,70,20,20,Not Effective,OTM_5pct,True,False,25,0.34,0.14,0.6,0.5,0.35,0.011170371562671755,-0.06095563422374861,-0.15445162776322763,0.050000000000000024,7.45551729007643,0.019961974362892713,2018-07-31
BLK,,Strategy2,51,8,8,Insufficient Data,OTM_7pct,True,True,25,0.23255813953488372,0.09302325581395349,0.125,0.125,0.125,0.026337704575204568,-0.0337039713042136,-0.17930997190775189,0.07000000000000008,5.690181491755638,0.019651614533045238,2018-07-31
BMY,,Strategy1,129,40,40,Effective,OTM_10pct,True,True,25,0.1348314606741573,0.056179775280898875,0.175,0.125,0.1,0.007068301381371822,-0.03943264623098647,-0.25480239123798154,0.10000000000000002,0.6079383031738423,0.019890377005769535,2010-05-07
BMY,,Strategy2,124,36,36,Effective,OTM_10pct,True,True,25,0.25,0.10227272727272728,0.027777777777777776,0.027777777777777776,0.027777777777777776,0.02041781667589415,-0.03762710999807184,-0.10626961995068462,0.10000000000000003,0.6642811388326679,0.020649663574915017,2010-05-07
BR,,Strategy1,39,14,14,Insufficient Data,OTM_7pct,True,False,25,0.28,0.0,0.0,0.0,0.0,0.02647651833239073,-0.030177445171180817,-0.06585563575847242,0.07000000000000008,1.7736630247626108,0.017962178188733996,2020-10-23
BR,,Strategy2,49,14,14,Insufficient Data,ATR_3,True,False,25,0.34285714285714286,0.14285714285714285,0.2857142857142857,0.2857142857142857,0.07142857142857142,0.006897746207998101,-0.01768233763275645,-0.08756088422317332,0.053842240857015146,1.6261081195086151,0.020237368255509872,2020-10-23
BRK-B,,Strategy1,54,16,16,Insufficient Data,OTM_5pct,True,False,25,0.15789473684210525,0.07894736842105263,0.3125,0.25,0.0625,-0.002558629761372222,-0.03431385254393038,-0.11154619499096219,0.05000000000000005,1.937532205430288,0.014039625268268812,2017-07-24
BRK-B,,Strategy2,75,23,23,Effective,OTM_5pct,True,True,25,0.28846153846153844,0.1346153846153846,0.17391304347826086,0.08695652173913043,0.043478260869565216,0.025435176661717795,-0.014686280306775767,-0.11837172575896293,0.050000000000000044,2.080490139552525,0.01423193782157798,2017-07-24
BRO,,Strategy1,85,36,36,Neutral,ATR_3,True,True,25,0.30612244897959184,0.14285714285714285,0.3055555555555556,0.2222222222222222,0.16666666666666666,0.022497805821854122,-0.024184784121999703,-0.11911568392530869,0.04493716797828845,0.3833600600977906,0.018377273438070947,2012-12-18
BRO,,Strategy2,82,31,31,Effective,OTM_7pct,True,True,25,0.29411764705882354,0.13725490196078433,0.12903225806451613,0.12903225806451613,0.06451612903225806,0.04290121370945621,-0.01726320500959433,-0.175670762972444,0.07000000000000003,0.39653425775338547,0.020161587812469954,2012-12-18
BSX,,Strategy1,83,24,24,Effective,OTM_10pct,True,True,25,0.288135593220339,0.13559322033898305,0.041666666666666664,0.041666666666666664,0.0,0.04410993750624259,-0.02450331252075677,-0.1149591722822898,0.09999999999999998,0.5242480636668904,0.02582195001570275,2016-05-12
BSX,,Strategy2,66,25,25,Neutral,ATR_3,True,True,25,0.3170731707317073,0.12195121951219512,0.4,0.4,0.16,0.016285165418944647,-0.03729539502484469,-0.11764698520001104,0.058884448914754355,0.667543308043377,0.025670253634962125,2016-05-12
BX,,Strategy1,51,19,19,Insufficient Data,OTM_7pct,True,False,25,0.34375,0.09375,0.5263157894736842,0.3684210526315789,0.15789473684210525,0.03056911354587233,-0.0718644623722976,-0.19409421850538477,0.07000000000000008,1.541140341291241,0.02476872540165993,2020-11-19
BX,,Strategy2,43,10,10,Insufficient Data,OTM_10pct,False,False,25,0.30303030303030304,0.21212121212121213,0.2,0.1,0.0,0.021765935417815685,-0.051129030196279734,-0.17786273981518042,0.09999999999999996,1.31466266720794,0.031766390125435785,2020-11-19
BXP,,Strategy1,72,17,17,Insufficient Data,OTM_10pct,True,False,25,0.2,0.03636363636363636,0.23529411764705882,0.23529411764705882,0.0,-0.022417732062994467,-0.060765295295569954,-0.1387555849894958,0.09999999999999998,1.6606449588896732,0.01828429831774694,2017-11-20
BXP,,Strategy2,69,23,23,Neutral,OTM_10pct,True,False,25,0.17391304347826086,0.043478260869565216,0.34782608695652173,0.30434782608695654,0.13043478260869565,-0.019784025188141152,-0.07318063938653763,-0.2484885358436223,0.09999999999999998,1.8209342127260952,0.021989219858652247,2017-11-20
C,,Strategy1,115,35,35,Effective,OTM_7pct,True,False,25,0.35,0.1125,0.34285714285714286,0.2571428571428571,0.11428571428571428,0.023091627359218325,-0.032338792694961316,-0.19943145940600293,0.07000000000000006,3.129714652470178,0.02332548704272747,2011-09-21
C,,Strategy2,105,39,39,Effective,OTM_7pct,True,True,25,0.2727272727272727,0.13636363636363635,0.28205128205128205,0.20512820512820512,0.1282051282051282,0.022929273978196996,-0.025793141332165925,-0.46340854564815714,0.07000000000000006,3.2536689453384504,0.023404978401766224,2011-09-21
CAG,,Strategy1,101,25,25,Effective,OTM_7pct,True,False,25,0.27631578947368424,0.14473684210526316,0.24,0.24,0.04,0.004243010515629697,-0.03361919571392913,-0.11541024473993577,0.07000000000000008,0.3306077925707022,0.019543633690388286,2012-09-07
CAG,,Strategy2,101,23,23,Not Effective,ATR_2,True,True,25,0.32051282051282054,0.11538461538461539,0.4782608695652174,0.43478260869565216,0.2608695652173913,0.0240641615654007,-0.043246420529038376,-0.14358972157490713,0.03862951573440409,0.3378298621113602,0.020321149716552436,2012-09-07
CAH,,Strategy1,93,31,31,Effective,ATR_3,True,False,25,0.25806451612903225,0.12903225806451613,0.3225806451612903,0.25806451612903225,0.0967741935483871,0.02846694047820586,-0.03787065823835856,-0.15910662904716377,0.06286195616229434,1.095566287201854,0.022220041940264248,2013-09-18
CAH,,Strategy2,92,29,29,Effective,ATR_3,True,True,25,0.30158730158730157,0.12698412698412698,0.20689655172413793,0.20689655172413793,0.10344827586206896,0.04347415184993819,-0.039484734907909935,-0.14776456634208268,0.06342986663547412,1.0385517912066502,0.02203139742352984,2013-09-18
CARR,,Strategy1,16,3,3,Insufficient Data,OTM_10pct,True,True,25,0.23076923076923078,0.07692307692307693,0.6666666666666666,0.6666666666666666,0.6666666666666666,-0.11034850245791561,-0.11667337442864245,-0.20242211596717663,0.09999999999999998,1.2649420670100622,0.02456728281159172,2024-09-20
CARR,,Strategy2,15,2,2,Insufficient Data,OTM_5pct,True,True,25,0.3076923076923077,0.07692307692307693,1.0,1.0,0.5,-0.038655807901703476,-0.12879374280274114,-0.1640352207452589,0.050000000000000044,1.3635951087588356,0.02615277704723301,2024-09-20
CAT,,Strategy1,142,48,48,Effective,OTM_10pct,True,True,25,0.1595744680851064,0.0851063829787234,0.22916666666666666,0.16666666666666666,0.10416666666666667,0.036319275539223095,-0.040565926612870284,-0.2816666823167068,0.09999999999999996,1.4824618189867351,0.020215210733826174,2007-04-04
CAT,,Strategy2,141,44,44,Effective,OTM_10pct,True,False,25,0.17525773195876287,0.030927835051546393,0.22727272727272727,0.20454545454545456,0.13636363636363635,0.02694513238697205,-0.026531383719459345,-0.5188977714035465,0.09999999999999999,1.3566135041257168,0.02272421108258584,2007-04-04
CB,,Strategy1,86,29,29,Effective,OTM_7pct,True,False,25,0.24561403508771928,0.12280701754385964,0.3448275862068966,0.1724137931034483,0.13793103448275862,0.012742857901796967,-0.046217719754099496,-0.4698671104621652,0.07000000000000005,1.717760908247228,0.018927192917684556,2016-08-12
CB,,Strategy2,80,29,29,Effective,OTM_10pct,True,True,25,0.29411764705882354,0.11764705882352941,0.034482758620689655,0.0,0.0,0.03180859766958499,-0.03292209415045966,-0.10419589735531065,0.09999999999999999,1.8709229086126598,0.02078910905295923,2016-08-12
CBOE,,Strategy1,40,15,15,Insufficient Data,OTM_5pct,True,False,25,0.24,0.08,0.6,0.3333333333333333,0.13333333333333333,0.023722006212753888,-0.057494320147288724,-0.1228488402218667,0.05000000000000005,2.3083214657647266,0.020609993132818565,2021-10-13
CBOE,,Strategy2,34,11,11,Insufficient Data,ATR_3,True,True,25,0.34782608695652173,0.13043478260869565,0.09090909090909091,0.09090909090909091,0.09090909090909091,0.01158636334369234,-0.03705348930230834,-0.12928899935592342,0.06453340911426016,2.091491823436833,0.01966433425487268,2021-10-13
CBRE,,Strategy1,56,21,21,Not Effective,ATR_2.5,True,True,25,0.3142857142857143,0.14285714285714285,0.3333333333333333,0.3333333333333333,0.2857142857142857,0.019866638183593688,-0.041006867266301095,-0.2614643850486622,0.060139453872378124,1.3281801689644246,0.026248883084363784,2019-12-24
CBRE,,Strategy2,50,10,10,Insufficient Data,OTM_10pct,False,True,25,0.3,0.175,0.4,0.2,0.2,0.06193878638273487,-0.07686092560283508,-0.2555634837757518,0.09999999999999996,1.111419091905866,0.030942866211521012,2019-12-24
CCI,,Strategy1,67,20,20,Neutral,ATR_3,True,True,25,0.2978723404255319,0.06382978723404255,0.45,0.25,0.2,-0.018771038795768302,-0.041895043947410615,-0.11901215138494159,0.058626069530434574,1.3772132386530895,0.02583832166137247,2018-03-29
CCI,,Strategy2,75,22,22,Not Effective,ATR_3,True,True,25,0.32075471698113206,0.11320754716981132,0.5,0.45454545454545453,0.2727272727272727,-0.034767513021680574,-0.06701769383718559,-0.28251998149684365,0.06455855232646077,1.6037424723307292,0.025508601265472247,2018-03-29
CCL,,Strategy1,86,23,24,Neutral,OTM_7pct,True,False,25,0.3064516129032258,0.12903225806451613,0.34782608695652173,0.30434782608695654,0.17391304347826086,0.03215851148368243,-0.032565663493217434,-0.18664126544278947,0.07000000000000008,0.7358077071433844,0.023052003017737906,2014-11-26
CCL,,Strategy2,95,24,24,Neutral,OTM_10pct,False,True,25,0.22535211267605634,0.15492957746478872,0.375,0.3333333333333333,0.08333333333333333,-0.0015316853227494431,-0.07049278547382176,-0.3121546937067592,0.09999999999999998,0.7666183905493942,0.02725878375552991,2014-11-26
CDNS,,Strategy1,99,21,21,Neutral,ATR_3,True,True,25,0.3333333333333333,0.10256410256410256,0.38095238095238093,0.3333333333333333,0.09523809523809523,0.04039600287965306,-0.05809335212270672,-0.35325950186562993,0.0705028304071907,1.0136920515592995,0.030631280192894926,2014-11-13
CDNS,,Strategy2,89,23,24,Effective,ATR_3,True,True,25,0.3076923076923077,0.1076923076923077,0.30434782608695654,0.17391304347826086,0.08695652173913043,0.016072122451332493,-0.06157111666757442,-0.2394975851219059,0.07973351270213506,1.4401456861013777,0.03139499833573897,2014-11-13
CDW,,Strategy1,27,10,10,Insufficient Data,OTM_10pct,True,False,25,0.058823529411764705,0.0,0.4,0.4,0.3,-0.021448799428607113,-0.04683849785450339,-0.27516979800753183,0.09999999999999996,2.7040212722051713,0.01916967653162824,2022-09-13
CDW,,Strategy2,22,5,5,Insufficient Data,OTM_10pct,True,False,25,0.17647058823529413,0.11764705882352941,0.2,0.2,0.0,0.03977026336209044,-0.019712710261871158,-0.1337020377668683,0.09999999999999995,2.1989614065591385,0.02160011231356022,2022-09-13
CEG,,Strategy1,12,3,3,Insufficient Data,OTM_10pct,True,True,25,0.2222222222222222,0.0,0.3333333333333333,0.3333333333333333,0.3333333333333333,0.0831129504788306,-0.03126408872854969,-0.16724426953428861,0.09999999999999999,4.98472649710519,0.026941090791745014,2025-04-10
CEG,,Strategy2,6,0,0,Insufficient Data,OTM_5pct,True,,25,0.3333333333333333,0.0,,,,,,,,4.95617793855213,0.0354725890326607,2025-04-10
CF,,Strategy1,55,14,14,Insufficient Data,OTM_10pct,True,False,25,0.2682926829268293,0.0975609756097561,0.21428571428571427,0.21428571428571427,0.07142857142857142,0.01773932933647593,-0.04821880625998376,-0.1919372112325306,0.09999999999999999,1.3025480505707978,0.030876301431576943,2020-05-04
CF,,Strategy2,47,16,16,Insufficient Data,ATR_3,True,True,25,0.2903225806451613,0.0967741935483871,0.5,0.5,0.25,-0.0010107556881098767,-0.06517886003585899,-0.21157405994556566,0.09306523497058533,1.4458449651405079,0.03197544921405078,2020-05-04
CFG,,Strategy1,26,11,12,Insufficient Data,ATR_3,True,False,25,0.2857142857142857,0.14285714285714285,0.36363636363636365,0.09090909090909091,0.09090909090909091,-0.014445963265792727,-0.07598634264673343,-0.32177089182260177,0.08119992254994718,0.9931346715151608,0.024740660765571708,2023-01-27
CFG,,Strategy2,26,12,12,Insufficient Data,OTM_10pct,False,True,25,0.21428571428571427,0.21428571428571427,0.16666666666666666,0.16666666666666666,0.08333333333333333,0.06463805602357642,-0.05004670325079613,-0.17736167729185215,0.09999999999999996,1.0851483659429864,0.02736038528535808,2023-01-27
CHD,,Strategy1,99,32,33,Neutral,ATR_2.5,True,False,25,0.3181818181818182,0.07575757575757576,0.5,0.34375,0.0625,0.0038414050050624704,-0.03145127071290721,-0.11687494312620272,0.04080929428127702,0.5092440300001555,0.018857673219872573,2012-09-07
CHD,,Strategy2,96,37,37,Neutral,ATR_3,True,True,25,0.3050847457627119,0.0847457627118644,0.43243243243243246,0.2972972972972973,0.16216216216216217,-0.003511271572862462,-0.03775837713437691,-0.1098166196365643,0.048595687838263874,0.5278735715518929,0.01929184220730622,2012-09-07
CHRW,,Strategy1,71,19,19,Insufficient Data,OTM_10pct,True,False,25,0.28846153846153844,0.09615384615384616,0.3684210526315789,0.3157894736842105,0.15789473684210525,0.013092194090279063,-0.0635838109173461,-0.20174093215236788,0.09999999999999996,1.3351384878638286,0.022754594697662833,2017-12-27
CHRW,,Strategy2,75,24,24,Neutral,OTM_7pct,True,False,25,0.3137254901960784,0.11764705882352941,0.375,0.25,0.125,0.0038248628148084274,-0.05891677417463531,-0.1596705058439407,0.07000000000000008,1.3690119729723251,0.025147778638033483,2017-12-27
CHTR,,Strategy1,35,7,7,Insufficient Data,ATR_2.5,True,False,25,0.25,0.07142857142857142,0.5714285714285714,0.5714285714285714,0.5714285714285714,-0.08470606338528741,-0.12261850534243424,-0.26272916817981873,0.09310185559245072,6.757917980271943,0.02486318909622146,2021-08-26
CHTR,,Strategy2,38,12,12,Insufficient Data,OTM_10pct,True,False,25,0.2692307692307692,0.038461538461538464,0.4166666666666667,0.4166666666666667,0.3333333333333333,-0.08311241523734186,-0.0871449714733516,-0.2687047152485572,0.09999999999999996,7.774812476079265,0.02614794792331677,2021-08-26
CI,,Strategy1,110,32,32,Neutral,OTM_10pct,True,False,25,0.1794871794871795,0.08974358974358974,0.25,0.1875,0.125,-0.00924937951833621,-0.05428431542002543,-0.1710666019528898,0.10000000000000002,1.4410277923980317,0.02063565348725827,2013-04-24
CI,,Strategy2,94,35,35,Effective,OTM_10pct,True,False,25,0.15254237288135594,0.0847457627118644,0.17142857142857143,0.14285714285714285,0.08571428571428572,0.030610641359199553,-0.03642744368262907,-0.22197383195693376,0.10000000000000002,1.9058709336631563,0.02083621695668682,2013-04-24
CIEN,,Strategy1,68,20,20,Not Effective,ATR_3,False,False,25,0.4583333333333333,0.1875,0.65,0.5,0.15,0.0031784079076362937,-0.10209849514596603,-0.2649618253486049,0.10920434327935932,3.9379089770196867,0.0416702847169301,2017-10-12
CIEN,,Strategy2,60,19,19,Insufficient Data,ATR_3,False,False,25,0.36585365853658536,0.21951219512195122,0.3684210526315789,0.3157894736842105,0.15789473684210525,0.03187069497530359,-0.05147297455501787,-0.26472710239210595,0.09522139028239882,4.552745967819576,0.041642049072861335,2017-10-12
CINF,,Strategy1,98,35,35,Effective,OTM_5pct,True,False,25,0.2698412698412698,0.1111111111111111,0.3142857142857143,0.2,0.05714285714285714,0.0124667114955328,-0.028634429976066023,-0.136252802536187,0.050000000000000044,0.8678098589442561,0.01710741927750108,2012-09-07
CINF,,Strategy2,91,29,29,Effective,OTM_5pct,True,True,25,0.1935483870967742,0.11290322580645161,0.3448275862068966,0.1724137931034483,0.06896551724137931,0.02194296871567758,-0.029124243373031544,-0.21398513513478812,0.05000000000000005,0.8830740818610558,0.017247844758522087,2012-09-07
CL,,Strategy1,145,42,42,Neutral,ATR_3,True,True,25,0.32038834951456313,0.1262135922330097,0.35714285714285715,0.3333333333333333,0.19047619047619047,0.014079068801419181,-0.02649824492021885,-0.10191157918812388,0.040093705473123055,0.4746126583644321,0.018311420211923966,2010-08-16
CL,,Strategy2,128,41,43,Effective,OTM_5pct,True,False,25,0.32941176470588235,0.11764705882352941,0.24390243902439024,0.17073170731707318,0.12195121951219512,0.021089597578066943,-0.021556391731654356,-0.09549941925315852,0.05000000000000004,0.5213828470025744,0.01851012148474636,2010-08-16
CLX,,Strategy1,113,31,32,Effective,ATR_3,True,True,25,0.32098765432098764,0.12345679012345678,0.3225806451612903,0.25806451612903225,0.12903225806451613,0.003484831336664884,-0.022310572371445736,-0.1294764516637391,0.04635067762395508,0.9079623216322791,0.019838483139019897,2010-07-26
CLX,,Strategy2,124,35,36,Neutral,ATR_3,True,False,25,0.32954545454545453,0.125,0.45714285714285713,0.3142857142857143,0.22857142857142856,0.0037666850515101213,-0.03890786935561297,-0.15915227624339667,0.04922104656695225,0.991599722391999,0.021263472451411004,2010-07-26
CMCSA,,Strategy1,117,42,42,Effective,ATR_3,True,True,25,0.32,0.14666666666666667,0.23809523809523808,0.19047619047619047,0.11904761904761904,0.020253292576793647,-0.032005536917556476,-0.14647888919815988,0.05698567767634153,0.34260181877966756,0.024729516974788507,2012-09-07
CMCSA,,Strategy2,106,35,36,Effective,ATR_2.5,True,False,25,0.34285714285714286,0.14285714285714285,0.2857142857142857,0.2571428571428571,0.08571428571428572,0.016601570198751636,-0.028266455678176206,-0.14363141040696115,0.047917391599368774,0.3483975078117334,0.02731404051170034,2012-09-07
CME,,Strategy1,58,14,14,Insufficient Data,OTM_5pct,True,False,25,0.3409090909090909,0.11363636363636363,0.35714285714285715,0.35714285714285715,0.14285714285714285,0.0013763539583503959,-0.0402704864309375,-0.09832166124890729,0.050000000000000044,2.4122487688299477,0.02180922724444762,2019-07-16
CME,,Strategy2,58,17,17,Insufficient Data,ATR_2.5,True,False,25,0.3170731707317073,0.14634146341463414,0.35294117647058826,0.29411764705882354,0.17647058823529413,0.026921751218196732,-0.032556878820290236,-0.07367127929739148,0.04488554403446458,2.5127880162206186,0.022545355213547676,2019-07-16
CMG,,Strategy1,57,13,13,Insufficient Data,ATR_3,True,False,25,0.3409090909090909,0.06818181818181818,0.6153846153846154,0.6153846153846154,0.38461538461538464,-0.025469899720513722,-0.09759122589993796,-0.29752063584655386,0.06803092735560318,0.34023386591060417,0.025535462436967984,2020-06-22
CMG,,Strategy2,49,12,12,Insufficient Data,OTM_10pct,False,False,25,0.2972972972972973,0.1891891891891892,0.3333333333333333,0.3333333333333333,0.16666666666666666,-0.026214812702974155,-0.07525897270371751,-0.15879094525068715,0.09999999999999998,0.3701131758293675,0.026730029272159624,2020-06-22
CMI,,Strategy1,103,25,25,Effective,OTM_10pct,True,True,25,0.16666666666666666,0.11538461538461539,0.16,0.12,0.08,0.011627915373137343,-0.04147729006680578,-0.1592854999030061,0.09999999999999998,1.3444586917861328,0.023326647956061246,2010-07-26
CMI,,Strategy2,109,40,40,Effective,ATR_3,True,False,25,0.3188405797101449,0.10144927536231885,0.325,0.275,0.1,0.016802805749264405,-0.049644213635817724,-0.18543316263956,0.0696504913608422,1.671157682863788,0.023988012356023894,2010-07-26
CMS,,Strategy1,101,41,41,Effective,OTM_5pct,True,False,25,0.35,0.15,0.24390243902439024,0.1951219512195122,0.12195121951219512,0.03391006395491991,-0.01706295413570802,-0.13402663191885378,0.05000000000000004,0.5419917447226386,0.017703396759612845,2010-07-26
CMS,,Strategy2,115,43,43,Effective,ATR_3,True,True,25,0.3333333333333333,0.1388888888888889,0.18604651162790697,0.16279069767441862,0.09302325581395349,0.021665178491849568,-0.024961782581096603,-0.317669739045525,0.05273537008097051,0.5298785218540926,0.01936460243395929,2010-07-26
CNC,,Strategy1,73,12,12,Insufficient Data,ATR_3,True,True,25,0.32786885245901637,0.11475409836065574,0.6666666666666666,0.5,0.3333333333333333,-0.03193619854506763,-0.10032824822108066,-0.2169380679539662,0.08049833140457067,0.7228302267432911,0.03003979279849152,2019-03-29
CNC,,Strategy2,52,19,20,Insufficient Data,ATR_3,False,True,25,0.28125,0.15625,0.3684210526315789,0.3684210526315789,0.2631578947368421,-0.011523215186517,-0.0720530124689569,-0.3275307844739983,0.08071956660474718,1.045401727432733,0.031199474960495483,2019-03-29
CNP,,Strategy1,145,52,52,Effective,OTM_7pct,True,False,25,0.25806451612903225,0.13978494623655913,0.25,0.17307692307692307,0.1346153846153846,0.012430553537971956,-0.02902498196205333,-0.6111111038433599,0.07000000000000005,0.3053767227774184,0.01793227131007169,2007-04-04
CNP,,Strategy2,140,52,52,Effective,ATR_3,True,True,25,0.2840909090909091,0.13636363636363635,0.34615384615384615,0.28846153846153844,0.1346153846153846,0.0038662900100521758,-0.042347055277456636,-0.6078838131856223,0.05544975777508106,0.3338368252832063,0.01833708504751453,2007-04-04
COF,,Strategy1,74,22,22,Neutral,OTM_10pct,False,True,25,0.3076923076923077,0.19230769230769232,0.22727272727272727,0.18181818181818182,0.045454545454545456,-0.016939044665575387,-0.06670026360936449,-0.1440434948297754,0.09999999999999996,2.0589868285941337,0.02628465667391199,2017-02-10
COF,,Strategy2,72,21,21,Effective,OTM_10pct,True,True,25,0.23529411764705882,0.13725490196078433,0.14285714285714285,0.09523809523809523,0.09523809523809523,0.0359139391171035,-0.048890846950542355,-0.2013179532161029,0.09999999999999996,2.013811194707477,0.027665043024729885,2017-02-10
COIN,,Strategy1,10,2,3,Insufficient Data,ATR_3,True,True,25,0.2857142857142857,0.14285714285714285,0.0,0.0,0.0,-0.055821439437181875,-0.1109800616822203,-0.16280864150482888,0.16242111843377996,10.878143337794715,0.06499656591340935,2025-01-16
COIN,,Strategy2,9,2,2,Insufficient Data,OTM_10pct,True,True,25,0.14285714285714285,0.14285714285714285,0.0,0.0,0.0,0.30641247152590134,-0.04349173886408797,-0.056004979283843404,0.1,7.8076992489042745,0.06412777029901487,2025-01-16
COO,,Strategy1,95,30,30,Neutral,ATR_3,True,True,25,0.3076923076923077,0.13846153846153847,0.3333333333333333,0.3,0.16666666666666666,0.012625169316526463,-0.04006121610521679,-0.20213313352751938,0.05681090561426896,0.583004287490271,0.026407650921231797,2013-07-22
COO,,Strategy2,103,32,32,Neutral,OTM_10pct,False,False,25,0.352112676056338,0.15492957746478872,0.3125,0.3125,0.21875,-0.01906027158573048,-0.05931566267590527,-0.26548294266046324,0.1,0.6001831553411383,0.034343649615985336,2013-07-22
COP,,Strategy1,95,30,30,Neutral,ATR_3,True,False,25,0.27692307692307694,0.12307692307692308,0.4,0.36666666666666664,0.16666666666666666,0.019379501461879722,-0.05468379940793028,-0.18022450183537497,0.07236972202237382,0.9235757037212973,0.022646156991201236,2013-03-27
COP,,Strategy2,105,32,32,Neutral,OTM_10pct,True,False,25,0.1917808219178082,0.0684931506849315,0.21875,0.09375,0.09375,-0.015231092978346072,-0.07330355112988807,-0.2153086250210986,0.1,0.8552330445270149,0.023115491455508532,2013-03-27
COR,,Strategy1,73,21,21,Not Effective,OTM_5pct,True,False,25,0.28846153846153844,0.1346153846153846,0.6190476190476191,0.47619047619047616,0.19047619047619047,-0.008457793218843768,-0.058486223080354116,-0.12309169429576705,0.050000000000000024,1.2702007037086263,0.021238111167594786,2017-03-24
COR,,Strategy2,68,21,21,Effective,OTM_7pct,True,False,25,0.23404255319148937,0.14893617021276595,0.3333333333333333,0.2857142857142857,0.09523809523809523,0.002895954836178216,-0.048259992039981436,-0.12463199672096592,0.07000000000000005,1.4142058792234469,0.023524857884946477,2017-03-24
COST,,Strategy1,87,28,28,Effective,ATR_3,True,True,25,0.3220338983050847,0.11864406779661017,0.14285714285714285,0.14285714285714285,0.03571428571428571,0.03273198852703452,-0.020503124240086157,-0.09851285494290862,0.04540379074873544,2.607013008668897,0.022456261134603948,2014-08-06
COST,,Strategy2,89,21,21,Effective,OTM_10pct,True,True,25,0.14705882352941177,0.08823529411764706,0.047619047619047616,0.047619047619047616,0.047619047619047616,0.05582648788192213,-0.023603796742433625,-0.1540345195512245,0.09999999999999998,2.6084982120397577,0.024399343467356036,2014-08-06
CPAY,,Strategy1,34,7,7,Insufficient Data,OTM_10pct,True,True,25,0.2222222222222222,0.07407407407407407,0.2857142857142857,0.14285714285714285,0.14285714285714285,-0.0007150170728248417,-0.03599341873365414,-0.2583750502440668,0.09999999999999999,3.6932569431657547,0.0205795828676498,2021-12-08
CPAY,,Strategy2,38,10,10,Insufficient Data,ATR_3,True,True,25,0.2857142857142857,0.03571428571428571,0.4,0.4,0.3,0.0216831159464993,-0.07498957830401176,-0.24759316830214784,0.08099674799287868,4.856954327203276,0.02416717114326024,2021-12-08
CPB,,Strategy1,111,31,31,Neutral,OTM_5pct,True,False,25,0.2875,0.1125,0.3548387096774194,0.25806451612903225,0.16129032258064516,0.016511851898101115,-0.033700293340031995,-0.24642232320925095,0.05000000000000004,0.45609953228571243,0.018692836632931604,2010-07-26
CPB,,Strategy2,122,41,41,Effective,OTM_7pct,True,False,25,0.2222222222222222,0.08641975308641975,0.2926829268292683,0.2926829268292683,0.12195121951219512,0.015162480858803562,-0.039744650959530614,-0.15208331743876136,0.07000000000000006,0.4930641179341622,0.0187451859156456,2010-07-26
CPRT,,Strategy1,72,27,27,Effective,OTM_10pct,True,False,25,0.2222222222222222,0.08888888888888889,0.18518518518518517,0.1111111111111111,0.07407407407407407,0.03257557216183349,-0.038445082099131334,-0.18155409708722803,0.09999999999999999,0.24284566523477677,0.023667490336288715,2016-11-28
CPRT,,Strategy2,76,19,19,Insufficient Data,ATR_2.5,True,False,25,0.3333333333333333,0.14035087719298245,0.3157894736842105,0.2631578947368421,0.15789473684210525,0.035737042962084464,-0.029963434051110682,-0.13740806180030563,0.04870997345411136,0.1984748901813326,0.025227941899838145,2016-11-28
CPT,,Strategy1,68,23,23,Effective,OTM_5pct,True,False,25,0.28888888888888886,0.13333333333333333,0.21739130434782608,0.21739130434782608,0.08695652173913043,0.0020224418383152365,-0.035349381130123536,-0.10865872823906231,0.05000000000000004,1.2387814401578507,0.016697576838979586,2016-09-19
CPT,,Strategy2,73,22,22,Not Effective,OTM_5pct,True,False,25,0.27450980392156865,0.11764705882352941,0.45454545454545453,0.4090909090909091,0.2727272727272727,0.013022657732680076,-0.04622801592807868,-0.1512294376428175,0.05000000000000005,1.285993223320948,0.019346546281597255,2016-09-19
CRH,,Strategy1,76,30,30,Effective,ATR_3,True,True,25,0.32608695652173914,0.13043478260869565,0.3,0.26666666666666666,0.1,0.0030424869557333367,-0.03548886826334263,-0.15868363488065151,0.05658304861067782,0.7626386204160245,0.021515898934097045,2015-07-02
CRH,,Strategy2,56,25,25,Neutral,ATR_2.5,True,True,25,0.2903225806451613,0.12903225806451613,0.32,0.32,0.2,0.0424588746074781,-0.03753192906896796,-0.27077746187494334,0.04848000618088487,0.8962276942875919,0.02546647057218274,2015-07-02
CRL,,Strategy1,58,15,16,Insufficient Data,ATR_2.5,True,False,25,0.3333333333333333,0.14285714285714285,0.4666666666666667,0.4,0.2,-0.03263680377409828,-0.07607106785357087,-0.45572574740130944,0.06973883419031106,2.6166380168181926,0.022743748516594733,2018-10-17
CRL,,Strategy2,58,16,16,Insufficient Data,ATR_2.5,True,False,25,0.30952380952380953,0.07142857142857142,0.625,0.625,0.3125,-0.022207434911044543,-0.09757764802251762,-0.21914222996086896,0.0723916451929966,2.6874873861303468,0.026028395448345665,2018-10-17
CRM,,Strategy1,53,14,14,Insufficient Data,OTM_10pct,True,False,25,0.28205128205128205,0.07692307692307693,0.35714285714285715,0.21428571428571427,0.07142857142857142,0.021085478059427176,-0.04076296076264324,-0.163685424116765,0.09999999999999995,2.4175471613670623,0.027107467695707925,2019-12-30
CRM,,Strategy2,57,11,11,Insufficient Data,OTM_10pct,False,True,25,0.43478260869565216,0.13043478260869565,0.18181818181818182,0.09090909090909091,0.0,0.02294384400378302,-0.04868549256737609,-0.1548623537481172,0.09999999999999995,2.2176190758109993,0.031938497011305696,2019-12-30
CRWD,,Strategy1,19,7,7,Insufficient Data,ATR_3,False,True,25,0.3333333333333333,0.16666666666666666,0.42857142857142855,0.2857142857142857,0.14285714285714285,0.021745792356111515,-0.08257009489277167,-0.15172500353025764,0.1008710654950956,2.347890190612105,0.03838187558918077,2024-06-27
CRWD,,Strategy2,16,4,4,Insufficient Data,TECH_X,True,,25,0.3333333333333333,0.08333333333333333,0.5,0.5,0.5,0.004311849595826367,-0.09386873584424799,-0.28372433910046824,0.06284910015676436,2.4476842497076308,0.043984811731376014,2024-06-27
CSCO,,Strategy1,87,27,27,Effective,OTM_10pct,True,True,25,0.26666666666666666,0.1,0.1111111111111111,0.037037037037037035,0.0,0.014034330066409195,-0.01952808377608961,-0.11917951534955928,0.1,0.5998715467702089,0.02459588997167923,2015-09-08
CSCO,,Strategy2,86,25,25,Effective,OTM_10pct,True,True,25,0.26229508196721313,0.09836065573770492,0.16,0.12,0.08,0.004343135826214262,-0.04535063050447996,-0.3222427412043961,0.09999999999999998,0.511264352926186,0.027415574332151266,2015-09-08
CSGP,,Strategy1,73,21,21,Effective,OTM_10pct,False,False,25,0.28846153846153844,0.17307692307692307,0.09523809523809523,0.09523809523809523,0.09523809523809523,0.01953679148229126,-0.04866249195165018,-0.3236709701237048,0.09999999999999996,0.6933110530129151,0.02978553791131143,2018-03-15
CSGP,,Strategy2,61,17,17,Insufficient Data,ATR_3,True,False,25,0.2727272727272727,0.09090909090909091,0.47058823529411764,0.4117647058823529,0.29411764705882354,-0.012972105795438837,-0.07591485413262511,-0.23133101043711235,0.08110584990045214,0.7803660557197463,0.030473680947713102,2018-03-15
CSX,,Strategy1,113,40,40,Effective,OTM_10pct,True,True,25,0.273972602739726,0.136986301369863,0.075,0.025,0.025,0.02449728854698563,-0.03740345618709212,-0.15094994860041122,0.10000000000000002,0.18805477047614594,0.021045687630126687,2012-11-16
CSX,,Strategy2,107,27,27,Effective,OTM_7pct,True,False,25,0.3375,0.125,0.14814814814814814,0.14814814814814814,0.07407407407407407,0.05172989534761996,-0.02809463462575701,-0.11357332942353271,0.07000000000000006,0.17373148237512967,0.024521586238568923,2012-11-16
CTAS,,Strategy1,91,34,34,Neutral,ATR_3,True,True,25,0.3333333333333333,0.14035087719298245,0.35294117647058826,0.23529411764705882,0.14705882352941177,0.020296669677502543,-0.03420892842759715,-0.44591196343610207,0.046612456357605955,0.6660628160183993,0.019467282988777642,2013-09-23
CTAS,,Strategy2,99,38,38,Neutral,ATR_2.5,True,False,25,0.2786885245901639,0.08196721311475409,0.2894736842105263,0.23684210526315788,0.15789473684210525,0.025220977507419473,-0.03188093516789431,-0.1240078896035719,0.04754512683282513,0.7715107320578066,0.02211530149553382,2013-09-23
CTSH,,Strategy1,62,11,11,Insufficient Data,OTM_10pct,True,True,25,0.29411764705882354,0.0784313725490196,0.09090909090909091,0.09090909090909091,0.09090909090909091,0.028441141944504755,-0.03456083377829133,-0.24025711887816936,0.09999999999999996,0.667935369956878,0.02773013997857514,2018-03-13
CTSH,,Strategy2,74,22,22,Neutral,OTM_7pct,True,False,25,0.34615384615384615,0.1346153846153846,0.2727272727272727,0.2727272727272727,0.22727272727272727,0.01944126281333225,-0.04464405720376102,-0.25710554336192837,0.07000000000000005,0.837340879797015,0.028418295742270835,2018-03-13
CTVA,,Strategy1,15,7,7,Insufficient Data,OTM_10pct,True,True,25,0.25,0.125,0.2857142857142857,0.2857142857142857,0.14285714285714285,0.01084339187805905,-0.05590360710419806,-0.17001637492977184,0.09999999999999998,1.1934667587280277,0.02225260702545857,2024-06-24
CTVA,,Strategy2,16,3,3,Insufficient Data,OTM_10pct,False,True,25,0.5384615384615384,0.23076923076923078,0.3333333333333333,0.0,0.0,-0.013420040158105606,-0.05130141828025647,-0.13135416264616073,0.09999999999999996,1.2454465797969276,0.024162760025130035,2024-06-24
CVNA,,Strategy1,23,9,9,Insufficient Data,ATR_3,True,True,25,0.2857142857142857,0.14285714285714285,0.1111111111111111,0.1111111111111111,0.1111111111111111,0.014128270624607087,-0.11039375031725307,-0.234770075685797,0.18374672893512453,1.4898116803317336,0.06652877059931152,2023-11-06
CVNA,,Strategy2,25,9,10,Insufficient Data,ATR_2.5,True,True,25,0.3333333333333333,0.13333333333333333,0.4444444444444444,0.3333333333333333,0.0,0.09740513889349622,-0.09872982022195076,-0.29591200618754343,0.1301538699969626,1.8017207360267635,0.058516229280434595,2023-11-06
CVS,,Strategy1,131,40,40,Neutral,OTM_10pct,True,False,25,0.1978021978021978,0.07692307692307693,0.225,0.15,0.1,-0.00917383689250928,-0.055383575142325614,-0.20815423671034816,0.10000000000000002,0.6437881528486213,0.02053523768290965,2010-07-26
CVS,,Strategy2,125,38,38,Effective,OTM_10pct,True,False,25,0.21839080459770116,0.10344827586206896,0.10526315789473684,0.07894736842105263,0.05263157894736842,0.02461567999042258,-0.03283242902486483,-0.292643262275873,0.10000000000000002,0.6506124813897268,0.022721306571211717,2010-07-26
CVX,,Strategy1,128,40,40,Neutral,ATR_3,True,True,25,0.3181818181818182,0.125,0.4,0.3,0.175,0.011162190295085694,-0.04200376621656943,-0.1345048235967189,0.05313823527981136,0.9408663351620946,0.018078704145019987,2007-04-04
CVX,,Strategy2,143,45,45,Neutral,ATR_3,True,True,25,0.3469387755102041,0.12244897959183673,0.35555555555555557,0.3333333333333333,0.17777777777777778,0.005307788370349176,-0.04216447896326414,-0.18632533656111605,0.056031036010569926,0.9728411754051767,0.019214592977318267,2007-04-04
D,,Strategy1,108,35,35,Neutral,ATR_3,True,True,25,0.3150684931506849,0.1232876712328767,0.4857142857142857,0.42857142857142855,0.2,0.011815373347355829,-0.04356056920679918,-0.14262273418253002,0.049260949900420355,0.6268902272774427,0.01601015076538821,2012-09-07
D,,Strategy2,101,36,36,Effective,ATR_3,True,True,25,0.2923076923076923,0.12307692307692308,0.3055555555555556,0.2222222222222222,0.1111111111111111,0.011402804674950584,-0.030383648819102937,-0.18824986440621527,0.05166262945463361,0.6609358416588338,0.016615830659450253,2012-09-07
DAL,,Strategy1,53,15,16,Insufficient Data,OTM_10pct,False,True,25,0.40540540540540543,0.16216216216216217,0.2,0.13333333333333333,0.06666666666666667,0.07754859556431493,-0.04710981072709952,-0.15243501643760438,0.09999999999999999,1.099231884485949,0.029414363622215105,2020-11-05
DAL,,Strategy2,47,17,17,Insufficient Data,OTM_7pct,True,False,25,0.3333333333333333,0.13333333333333333,0.5882352941176471,0.5294117647058824,0.29411764705882354,-0.004999990048615843,-0.08500000738328506,-0.2525125484852345,0.07000000000000006,1.0717476994070962,0.03357149777168104,2020-11-05
DASH,,Strategy1,13,4,4,Insufficient Data,ATR_2,True,True,25,0.3333333333333333,0.1111111111111111,0.25,0.0,0.0,0.025743854311934877,-0.045633556939759456,-0.05897788042288499,0.062068773431651986,4.834631532103151,0.040635945627885826,2024-12-09
DASH,,Strategy2,11,2,2,Insufficient Data,ATR_1.5,True,True,25,0.3333333333333333,0.1111111111111111,0.5,0.0,0.0,0.08162187515047148,-0.034278070432186614,-0.04908569335937496,0.05718344155083556,3.6674092528107876,0.036111083307531794,2024-12-09
DD,,Strategy1,117,39,40,Effective,OTM_10pct,False,False,25,0.2727272727272727,0.16883116883116883,0.23076923076923078,0.20512820512820512,0.1282051282051282,0.005624963056644283,-0.045669278311800454,-0.23318906658842953,0.10000000000000002,1.288141910264198,0.02200855214912825,2010-05-07
DD,,Strategy2,121,37,37,Neutral,OTM_10pct,True,False,25,0.17857142857142858,0.10714285714285714,0.21621621621621623,0.1891891891891892,0.16216216216216217,-0.005497722334222854,-0.05411767154875857,-0.2869564977811627,0.10000000000000002,1.2345188618269272,0.022265829578775806,2010-05-07
DDOG,,Strategy1,16,3,4,Insufficient Data,ATR_3,False,True,25,0.5,0.16666666666666666,0.3333333333333333,0.3333333333333333,0.3333333333333333,0.009444388456790076,-0.029375330832374758,-0.30231756246998776,0.10967072396412214,5.448727199009487,0.041889955145727235,2024-07-29
DDOG,,Strategy2,18,2,3,Insufficient Data,ATR_3,True,True,25,0.3333333333333333,0.0,0.0,0.0,0.0,0.09141676962886458,-0.0303309782249227,-0.03666749102043221,0.09335487511265739,5.2265081557016515,0.04847375317441445,2024-07-29
DE,,Strategy1,119,31,31,Effective,OTM_10pct,True,True,25,0.18181818181818182,0.056818181818181816,0.16129032258064516,0.16129032258064516,0.0967741935483871,0.013457283446442814,-0.0395068251702162,-0.19787201657517173,0.10000000000000002,1.5144720987684013,0.022511773781791942,2010-05-07
DE,,Strategy2,134,41,41,Neutral,OTM_10pct,True,False,25,0.21505376344086022,0.0967741935483871,0.17073170731707318,0.0975609756097561,0.07317073170731707,-0.00047639413444489076,-0.047484696277080185,-0.23491818337834625,0.10000000000000002,1.9080216864278827,0.02343525337909222,2010-05-07
DECK,,Strategy1,78,20,20,Neutral,ATR_3,False,False,25,0.25862068965517243,0.15517241379310345,0.4,0.35,0.15,0.01557804315399025,-0.08599409089728838,-0.39901974982603117,0.08863531924872683,0.6761334425472951,0.03992598623025594,2016-10-13
DECK,,Strategy2,75,25,26,Neutral,ATR_3,False,True,25,0.30612244897959184,0.1836734693877551,0.28,0.24,0.16,0.05191666439519893,-0.04968671519475254,-0.3359653287324462,0.09502767644645661,0.9258317646384238,0.03999664388991501,2016-10-13
DELL,,Strategy1,28,9,9,Insufficient Data,OTM_10pct,False,True,25,0.2631578947368421,0.21052631578947367,0.2222222222222222,0.2222222222222222,0.1111111111111111,0.04759302915643859,-0.03188497858898298,-0.17691450769346173,0.09999999999999996,2.015578016942861,0.02800830792807087,2023-08-23
DELL,,Strategy2,20,7,7,Insufficient Data,ATR_2,True,True,25,0.3076923076923077,0.07692307692307693,0.2857142857142857,0.2857142857142857,0.0,0.12793687550355592,-0.026952943084692538,-0.2274052478134111,0.06542984808881383,1.6882151739937918,0.027885811281385654,2023-08-23
DG,,Strategy1,39,9,9,Insufficient Data,OTM_7pct,True,False,25,0.26666666666666666,0.1,0.4444444444444444,0.4444444444444444,0.1111111111111111,0.01026551913371132,-0.06438054447680452,-0.1638897148258086,0.07000000000000008,2.1467585266728104,0.02040096712885359,2021-08-12
DG,,Strategy2,44,12,12,Insufficient Data,OTM_5pct,True,False,25,0.34375,0.0625,0.5833333333333334,0.4166666666666667,0.16666666666666666,-0.00477162146613519,-0.05617822742585238,-0.3733119121525521,0.05000000000000005,2.2607467391274194,0.022066458422518875,2021-08-12
DGX,,Strategy1,73,25,25,Neutral,OTM_10pct,True,False,25,0.125,0.08333333333333333,0.16,0.08,0.0,-0.0031577636892361483,-0.03563456063454418,-0.17677565777511017,0.09999999999999998,1.5873199745633597,0.01973101123979593,2017-09-27
DGX,,Strategy2,60,19,19,Insufficient Data,OTM_7pct,True,False,25,0.2682926829268293,0.12195121951219512,0.3157894736842105,0.2631578947368421,0.10526315789473684,0.0012895541489759133,-0.054116235028294546,-0.34971951155297143,0.07000000000000009,1.4975982620602564,0.020218500512570393,2017-09-27
DHI,,Strategy1,79,26,26,Neutral,OTM_10pct,False,True,25,0.41509433962264153,0.22641509433962265,0.19230769230769232,0.19230769230769232,0.15384615384615385,0.0051559599643974385,-0.03404461737222003,-0.39424847499810733,0.10000000000000002,1.0063306981357485,0.03248788699614824,2016-05-17
DHI,,Strategy2,73,21,21,Effective,OTM_10pct,True,True,25,0.34615384615384615,0.07692307692307693,0.23809523809523808,0.23809523809523808,0.14285714285714285,0.05215830225658569,-0.028463387359853654,-0.19862761218139058,0.09999999999999996,1.013823726989052,0.03500414772224293,2016-05-17
DHR,,Strategy1,90,29,29,Neutral,OTM_10pct,True,False,25,0.18032786885245902,0.13114754098360656,0.20689655172413793,0.20689655172413793,0.1724137931034483,-0.001634395498722685,-0.03146150927745839,-0.22829777968624576,0.1,1.0712901485949666,0.02126750956783963,2012-04-27
DHR,,Strategy2,117,36,36,Effective,OTM_10pct,True,True,25,0.16049382716049382,0.08641975308641975,0.08333333333333333,0.08333333333333333,0.08333333333333333,0.007706392860713396,-0.03133542718644533,-0.22829777968624576,0.10000000000000003,0.9741937109395744,0.021259274556420335,2012-04-27
DIS,,Strategy1,158,46,46,Effective,OTM_10pct,True,True,25,0.21428571428571427,0.10714285714285714,0.10869565217391304,0.06521739130434782,0.043478260869565216,0.009870288358175494,-0.032561817161722906,-0.3751837386435357,0.09999999999999999,0.5484476569487592,0.021202969626762255,2007-04-04
DIS,,Strategy2,144,43,43,Effective,OTM_10pct,True,False,25,0.18811881188118812,0.09900990099009901,0.13953488372093023,0.09302325581395349,0.046511627906976744,0.004890736244289817,-0.03283214886660535,-0.3012960706642195,0.09999999999999999,0.7164471842614668,0.020646652566864803,2007-04-04
DLR,,Strategy1,45,18,18,Insufficient Data,OTM_5pct,True,False,25,0.3333333333333333,0.037037037037037035,0.6666666666666666,0.5555555555555556,0.3333333333333333,0.006718157677895187,-0.07272962420096629,-0.17089482802366662,0.05000000000000005,2.0644921923440602,0.021300512871331733,2020-02-07
DLR,,Strategy2,40,15,15,Insufficient Data,OTM_7pct,True,False,25,0.24,0.12,0.26666666666666666,0.26666666666666666,0.13333333333333333,0.05066675287121014,-0.03324616483094156,-0.30838707954652844,0.07000000000000005,2.364946406228202,0.02379368720831622,2020-02-07
DLTR,,Strategy1,74,20,20,Not Effective,OTM_10pct,False,False,25,0.2962962962962963,0.2222222222222222,0.55,0.55,0.3,-0.0634393724832909,-0.11796331328291743,-0.2841854714008829,0.09999999999999998,1.1383461512653985,0.02889955738561887,2017-03-16
DLTR,,Strategy2,63,15,16,Insufficient Data,ATR_2.5,True,False,25,0.3404255319148936,0.1276595744680851,0.6666666666666666,0.6,0.5333333333333333,-0.061257264128898314,-0.11832901469126067,-0.38996989411746885,0.06529568326681195,1.1779086860129082,0.029666420828776668,2017-03-16
DOC,,Strategy1,81,27,27,Neutral,ATR_3,True,True,25,0.2962962962962963,0.12962962962962962,0.4074074074074074,0.4074074074074074,0.18518518518518517,-0.00563061644020002,-0.05283881651737665,-0.1047836150268735,0.05737649286827603,0.46324931713218637,0.019107281585007727,2014-04-04
DOC,,Strategy2,98,27,28,Neutral,ATR_3,True,False,25,0.34285714285714286,0.12857142857142856,0.4444444444444444,0.3333333333333333,0.18518518518518517,-0.006524927821617288,-0.0432570165087921,-0.1720638608699372,0.06185505529659279,0.461217478134889,0.02002856755670924,2014-04-04
DOV,,Strategy1,117,38,38,Effective,OTM_10pct,True,True,25,0.1518987341772152,0.11392405063291139,0.07894736842105263,0.05263157894736842,0.05263157894736842,0.011051354987513085,-0.029623861387574058,-0.24808681283383505,0.10000000000000002,0.9472760222624801,0.02025171609267313,2012-09-07
DOV,,Strategy2,117,34,34,Effective,OTM_10pct,True,True,25,0.1927710843373494,0.10843373493975904,0.08823529411764706,0.029411764705882353,0.029411764705882353,0.019993041295508274,-0.03335638473535124,-0.1570422843648004,0.10000000000000003,0.8620137690187809,0.02033352071273791,2012-09-07
DOW,,Strategy1,10,2,2,Insufficient Data,OTM_10pct,False,False,25,0.375,0.125,0.5,0.5,0.0,0.07394665790911864,-0.07166062820100405,-0.12128478488107142,0.09999999999999995,1.2319357735770091,0.02387120337405483,2024-06-03
DOW,,Strategy2,15,3,3,Insufficient Data,OTM_7pct,True,False,25,0.25,0.08333333333333333,0.6666666666666666,0.6666666666666666,0.0,-0.03134494168527879,-0.08817828239554126,-0.133445250329704,0.07000000000000008,1.3522047042846679,0.02634111898941608,2024-06-03
DPZ,,Strategy1,59,14,14,Insufficient Data,ATR_2.5,True,False,25,0.3111111111111111,0.13333333333333333,0.5,0.42857142857142855,0.21428571428571427,0.027434548605207887,-0.053834627588767725,-0.2484170995222229,0.060682244122250394,3.726901321087853,0.022536065855634578,2020-01-06
DPZ,,Strategy2,46,15,15,Insufficient Data,OTM_10pct,False,False,25,0.22580645161290322,0.16129032258064516,0.26666666666666666,0.2,0.13333333333333333,-0.02757118081844334,-0.08693286132670042,-0.1908813090078162,0.09999999999999995,4.1273130393176345,0.023907155101333663,2020-01-06
DRI,,Strategy1,79,22,22,Neutral,OTM_7pct,True,False,25,0.3157894736842105,0.14035087719298245,0.3181818181818182,0.3181818181818182,0.13636363636363635,-0.009461030304844298,-0.042033340918243456,-0.2093213051318129,0.07000000000000006,1.3218847592959135,0.023813396683956434,2017-04-04
DRI,,Strategy2,63,19,19,Insufficient Data,OTM_10pct,True,False,25,0.1590909090909091,0.11363636363636363,0.05263157894736842,0.05263157894736842,0.05263157894736842,0.045448908181725534,-0.030421602917130808,-0.13531827616731495,0.09999999999999998,1.5251719129869454,0.02475929001544122,2017-04-04
DTE,,Strategy1,122,51,51,Effective,OTM_7pct,True,False,25,0.2112676056338028,0.1267605633802817,0.19607843137254902,0.13725490196078433,0.058823529411764705,0.00567409174629252,-0.033746567680493444,-0.34231678644816077,0.07000000000000003,0.777985362872586,0.01644915677328267,2007-04-04
DTE,,Strategy2,128,40,40,Effective,ATR_3,True,True,25,0.26136363636363635,0.125,0.2,0.2,0.1,0.02943513843037715,-0.02750227176693293,-0.09567413318259066,0.051075247561873705,0.6964740758495671,0.016395199644883802,2007-04-04
DUK,,Strategy1,96,28,28,Effective,OTM_5pct,True,False,25,0.27941176470588236,0.11764705882352941,0.21428571428571427,0.21428571428571427,0.07142857142857142,0.0017935414169848451,-0.015222900305918219,-0.11079507114051124,0.05000000000000003,0.7619216672721364,0.014770424100490278,2012-09-07
DUK,,Strategy2,100,27,27,Effective,OTM_5pct,True,False,25,0.3287671232876712,0.1232876712328767,0.3333333333333333,0.25925925925925924,0.1111111111111111,0.021138669945786726,-0.038926536944992485,-0.21814701665878478,0.050000000000000044,0.8660292649269102,0.01618492231104983,2012-09-07
DVA,,Strategy1,84,26,26,Not Effective,ATR_3,True,True,25,0.3448275862068966,0.1206896551724138,0.4230769230769231,0.38461538461538464,0.3076923076923077,0.019045709489371898,-0.056211947180432875,-0.15889563089188996,0.07470222916225668,1.227656590087073,0.023233906430599634,2017-05-25
DVA,,Strategy2,73,17,17,Insufficient Data,OTM_10pct,True,False,25,0.30357142857142855,0.125,0.23529411764705882,0.23529411764705882,0.11764705882352941,-0.02355825974166026,-0.06119020918752771,-0.22138499786509724,0.09999999999999995,1.0791037885176922,0.026001167834791773,2017-05-25
DVN,,Strategy1,88,21,21,Neutral,OTM_10pct,False,False,25,0.30303030303030304,0.15151515151515152,0.42857142857142855,0.42857142857142855,0.14285714285714285,0.023237253699079696,-0.06722217135959196,-0.2930612369459502,0.09999999999999996,0.9839149032320293,0.02675442040434124,2014-04-23
DVN,,Strategy2,86,30,30,Effective,OTM_10pct,False,False,25,0.2857142857142857,0.19642857142857142,0.3,0.23333333333333334,0.13333333333333333,0.054610440658485415,-0.05889480295253413,-0.30066709943527214,0.09999999999999999,1.2196428482714683,0.03069990033136967,2014-04-23
DXCM,,Strategy1,56,16,17,Insufficient Data,ATR_2,True,False,25,0.3333333333333333,0.1282051282051282,0.8125,0.6875,0.5,-0.0547563449155648,-0.11376585761682001,-0.26965052729958205,0.06372762632791702,1.3081186305807564,0.036451562606900724,2020-03-27
DXCM,,Strategy2,47,14,14,Insufficient Data,ATR_3,True,True,25,0.21212121212121213,0.09090909090909091,0.42857142857142855,0.35714285714285715,0.2857142857142857,0.017664504675987236,-0.09226681735780223,-0.45094240223788407,0.09675588034314911,1.271652652862224,0.03796420722397043,2020-03-27
EBAY,,Strategy1,74,18,18,Insufficient Data,OTM_10pct,True,False,25,0.26785714285714285,0.125,0.1111111111111111,0.1111111111111111,0.1111111111111111,-0.017458417584476027,-0.05999699939405939,-0.15425532480244109,0.09999999999999999,0.7190807003772399,0.029221394838277834,2018-04-11
EBAY,,Strategy2,65,19,19,Insufficient Data,ATR_3,True,True,25,0.34782608695652173,0.06521739130434782,0.42105263157894735,0.3684210526315789,0.2631578947368421,0.010181012560451563,-0.052256841242185104,-0.16742314032872319,0.0742202019979627,0.7089868838970478,0.028891680649317037,2018-04-11
ECL,,Strategy1,105,37,37,Effective,OTM_7pct,True,False,25,0.20588235294117646,0.10294117647058823,0.10810810810810811,0.10810810810810811,0.02702702702702703,0.02263802517985658,-0.02601819040896547,-0.12557791705107568,0.07000000000000003,0.9646095042326014,0.017835511359591747,2010-07-26
ECL,,Strategy2,117,40,40,Effective,OTM_10pct,True,True,25,0.15584415584415584,0.06493506493506493,0.05,0.05,0.025,0.0025274561192245026,-0.02876123107192069,-0.15298606286414118,0.10000000000000002,1.0798508323301468,0.019890566292030305,2010-07-26
ED,,Strategy1,124,48,48,Neutral,ATR_3,True,True,25,0.27631578947368424,0.11842105263157894,0.375,0.3333333333333333,0.1875,0.009528346951365507,-0.029559129946792717,-0.2583170392376313,0.04404638403032135,0.633187272032285,0.014445946752299224,2007-04-04
ED,,Strategy2,123,36,36,Effective,ATR_3,True,True,25,0.2988505747126437,0.14942528735632185,0.3333333333333333,0.25,0.1388888888888889,0.013706497756011182,-0.032075871730872674,-0.2916524038430124,0.0506195287658127,0.6122456150741665,0.01483046804984497,2007-04-04
EFX,,Strategy1,133,39,39,Effective,OTM_7pct,True,False,25,0.30851063829787234,0.14893617021276595,0.1282051282051282,0.1282051282051282,0.07692307692307693,0.02391570859834191,-0.0296727882117529,-0.12734053127081524,0.07000000000000006,1.1065393994881438,0.020844768009489405,2012-09-07
EFX,,Strategy2,92,28,28,Effective,ATR_3,True,True,25,0.28125,0.109375,0.2857142857142857,0.21428571428571427,0.10714285714285714,0.041070483433761185,-0.026789408448547547,-0.11084123853216854,0.0651900349742807,1.5106456916524755,0.02261393292041752,2012-09-07
EG,,Strategy1,81,25,25,Neutral,OTM_10pct,True,False,25,0.17857142857142858,0.05357142857142857,0.32,0.24,0.04,-0.024771076576428186,-0.06500715802237278,-0.13460434946871636,0.1,2.97847568505235,0.020727978944131614,2017-05-17
EG,,Strategy2,77,23,23,Neutral,OTM_7pct,True,False,25,0.24074074074074073,0.09259259259259259,0.30434782608695654,0.17391304347826086,0.13043478260869565,-0.0019152957121619796,-0.056282061561351515,-0.13460434946871636,0.07000000000000008,3.4823792480581988,0.020953945555507187,2017-05-17
EIX,,Strategy1,110,31,31,Neutral,OTM_5pct,True,False,25,0.31645569620253167,0.0759493670886076,0.3225806451612903,0.2903225806451613,0.1935483870967742,-0.0014001764464468547,-0.028319046636926748,-0.33856666093269816,0.05000000000000005,0.5957994888355206,0.018351542213062743,2010-08-16
EIX,,Strategy2,118,35,35,Neutral,ATR_2.5,True,False,25,0.3253012048192771,0.13253012048192772,0.45714285714285713,0.4,0.17142857142857143,0.0011625913440871383,-0.0491745575095105,-0.34907011435250623,0.04631411752135805,0.6247669599824032,0.01872422200620141,2010-08-16
EL,,Strategy1,78,24,25,Neutral,OTM_10pct,True,False,25,0.22641509433962265,0.1320754716981132,0.3333333333333333,0.2916666666666667,0.16666666666666666,-0.0035641800750979002,-0.06989437922128405,-0.2715877794153466,0.09999999999999999,1.6401040728712257,0.020605202142432718,2017-06-01
EL,,Strategy2,78,18,19,Insufficient Data,OTM_10pct,True,True,25,0.22033898305084745,0.13559322033898305,0.1111111111111111,0.05555555555555555,0.05555555555555555,0.03718849824276105,-0.04678922425136672,-0.1955506247810347,0.09999999999999998,1.663011570116539,0.023347845437623277,2017-06-01
ELV,,Strategy1,62,14,14,Insufficient Data,OTM_7pct,True,False,25,0.22916666666666666,0.125,0.42857142857142855,0.35714285714285715,0.07142857142857142,-0.014843377024017002,-0.04951679429697198,-0.1524324159364443,0.07000000000000006,3.230247431636406,0.021318920404684305,2019-03-15
ELV,,Strategy2,62,19,19,Insufficient Data,OTM_7pct,True,False,25,0.3023255813953488,0.023255813953488372,0.2631578947368421,0.21052631578947367,0.10526315789473684,0.02185302157700586,-0.04789064352689576,-0.3668442518430606,0.07000000000000006,4.2975744519914905,0.02193704939492803,2019-03-15
EME,,Strategy1,75,22,22,Neutral,OTM_7pct,True,False,25,0.32075471698113206,0.1320754716981132,0.4090909090909091,0.3181818181818182,0.18181818181818182,-0.009862030578119796,-0.046834542760423536,-0.13249322440937628,0.07000000000000006,2.221496369043986,0.02395901595993129,2017-02-28
EME,,Strategy2,68,21,21,Effective,OTM_10pct,True,True,25,0.19148936170212766,0.0851063829787234,0.047619047619047616,0.047619047619047616,0.047619047619047616,0.005474806186559933,-0.03595804106228406,-0.3639210699279173,0.1,1.1808002546053977,0.02322948837592841,2017-02-28
EMR,,Strategy1,109,31,31,Neutral,OTM_7pct,True,False,25,0.2564102564102564,0.08974358974358974,0.25806451612903225,0.22580645161290322,0.16129032258064516,0.005224155249306861,-0.036849344578403054,-0.16454007725385578,0.07000000000000008,0.7474806030643409,0.018929394962576954,2010-05-07
EMR,,Strategy2,129,44,44,Neutral,ATR_3,True,True,25,0.3058823529411765,0.11764705882352941,0.4090909090909091,0.2727272727272727,0.18181818181818182,0.02601122159338476,-0.047894450321132986,-0.4111966521064666,0.05461223941250959,0.7039268056419601,0.019202610169589334,2010-05-07
EOG,,Strategy1,72,19,19,Insufficient Data,ATR_3,True,True,25,0.3018867924528302,0.09433962264150944,0.21052631578947367,0.21052631578947367,0.10526315789473684,0.036769060182475055,-0.047653886498021936,-0.1780882442698759,0.08924103714781173,1.3734990803022233,0.02751997195953567,2015-07-29
EOG,,Strategy2,85,28,28,Effective,OTM_10pct,True,True,25,0.19298245614035087,0.10526315789473684,0.17857142857142858,0.14285714285714285,0.07142857142857142,0.022496087982869062,-0.06150673745397295,-0.2601382251906603,0.09999999999999999,1.435268931028222,0.02936318162153444,2015-07-29
EPAM,,Strategy1,37,7,7,Insufficient Data,OTM_10pct,True,False,25,0.26666666666666666,0.06666666666666667,0.5714285714285714,0.5714285714285714,0.42857142857142855,-0.09455736504226431,-0.126918004770748,-0.4179698003412987,0.09999999999999995,4.478243533248607,0.02674784542541062,2022-04-13
EPAM,,Strategy2,29,10,10,Insufficient Data,ATR_1.5,True,False,25,0.3157894736842105,0.05263157894736842,0.9,0.5,0.4,-0.01501891064042804,-0.07139075399446893,-0.32365871886075737,0.048482740790129195,5.419654484452872,0.029999592109697906,2022-04-13
EQIX,,Strategy1,63,18,18,Insufficient Data,OTM_10pct,False,False,25,0.3333333333333333,0.17777777777777778,0.2222222222222222,0.16666666666666666,0.05555555555555555,0.03278222250371188,-0.043559337573271406,-0.23137422370919258,0.10000000000000002,6.566031958510815,0.030264484553957194,2018-11-01
EQIX,,Strategy2,64,18,18,Insufficient Data,ATR_3,False,True,25,0.30434782608695654,0.21739130434782608,0.3333333333333333,0.3333333333333333,0.1111111111111111,0.027818639181602434,-0.04217428714066951,-0.1743428322782179,0.06699859706620237,7.746941241302659,0.033062189956856204,2018-11-01
EQT,,Strategy1,91,28,28,Effective,ATR_2.5,True,False,25,0.3333333333333333,0.14285714285714285,0.32142857142857145,0.21428571428571427,0.03571428571428571,0.025040728455847816,-0.04690009502132281,-0.2619469016092536,0.08748509203815265,0.489700654705802,0.024526292221104726,2012-09-07
EQT,,Strategy2,114,42,42,Neutral,ATR_3,True,True,25,0.3472222222222222,0.1388888888888889,0.35714285714285715,0.2619047619047619,0.16666666666666666,0.00657343789810394,-0.078188167645871,-0.23700826023682986,0.10669258712969584,0.5281693318807391,0.025889917069567867,2012-09-07
ERIE,,Strategy1,63,18,18,Insufficient Data,ATR_2.5,True,False,25,0.28888888888888886,0.08888888888888889,0.3333333333333333,0.3333333333333333,0.2777777777777778,0.022254486245724125,-0.0405264117323183,-0.18406365239894673,0.05633906661191471,2.424035446443795,0.019945842746548138,2017-05-17
ERIE,,Strategy2,64,12,12,Insufficient Data,OTM_5pct,True,False,25,0.25,0.11538461538461539,0.6666666666666666,0.6666666666666666,0.5833333333333334,-0.058277233379882665,-0.08046523474292283,-0.16818727549296442,0.050000000000000044,1.8472315243312292,0.020570946329961277,2017-05-17
ES,,Strategy1,96,40,40,Effective,OTM_7pct,True,False,25,0.26785714285714285,0.125,0.15,0.1,0.075,0.0036842765766506025,-0.030018896513084703,-0.142392611694505,0.07000000000000008,0.565373854977744,0.01769182962847186,2010-07-26
ES,,Strategy2,119,40,40,Effective,ATR_3,True,True,25,0.34177215189873417,0.13924050632911392,0.325,0.275,0.125,0.00816017458611129,-0.029995675131574362,-0.231171652146841,0.0516001086650966,0.5623754539123391,0.018291341337526367,2010-07-26
ESS,,Strategy1,76,25,25,Effective,OTM_7pct,True,False,25,0.21568627450980393,0.058823529411764705,0.16,0.12,0.04,0.012949044680458544,-0.04609041941993308,-0.11953236517563415,0.07000000000000008,2.7675494036280117,0.01785366203838972,2016-12-21
ESS,,Strategy2,71,25,25,Neutral,OTM_7pct,True,False,25,0.2391304347826087,0.08695652173913043,0.24,0.2,0.2,0.019786395658178524,-0.025911895132872842,-0.16475375255119107,0.07000000000000003,3.103458235681176,0.020178431246370157,2016-12-21
ETN,,Strategy1,112,41,41,Neutral,ATR_3,True,False,25,0.3380281690140845,0.14084507042253522,0.36585365853658536,0.34146341463414637,0.17073170731707318,0.012873051369168165,-0.03588333260747212,-0.4380861127205442,0.05965419729396555,1.424383391227041,0.019680367640169026,2010-05-07
ETN,,Strategy2,113,37,38,Effective,OTM_10pct,True,False,25,0.17333333333333334,0.10666666666666667,0.1891891891891892,0.16216216216216217,0.08108108108108109,0.021372520937860573,-0.03414967385063494,-0.2010937690734863,0.10000000000000003,1.4190177433710787,0.02132403599706318,2010-05-07
ETR,,Strategy1,111,39,39,Effective,OTM_7pct,True,False,25,0.2777777777777778,0.125,0.1282051282051282,0.10256410256410256,0.05128205128205128,0.0071535524269605855,-0.02809191538304112,-0.15951478612291337,0.07000000000000006,0.5117088941380169,0.017757110868892728,2010-05-07
ETR,,Strategy2,127,43,43,Effective,OTM_7pct,True,False,25,0.25,0.14285714285714285,0.18604651162790697,0.16279069767441862,0.06976744186046512,0.022911757828345314,-0.028164597666238245,-0.18569140608204293,0.07000000000000006,0.5103427674558485,0.018767586427188572,2010-05-07
EVRG,,Strategy1,96,41,41,Effective,ATR_3,True,True,25,0.3090909090909091,0.14545454545454545,0.24390243902439024,0.17073170731707318,0.12195121951219512,0.007955685503773235,-0.03454691326885795,-0.09186180839013525,0.04810163814678255,0.5293377772683189,0.01612143967826653,2010-07-26
EVRG,,Strategy2,131,44,44,Neutral,ATR_3,True,True,25,0.2988505747126437,0.09195402298850575,0.3181818181818182,0.22727272727272727,0.1590909090909091,0.018985051231671934,-0.02927083219962756,-0.2113099304791205,0.04742513848761847,0.4718607005012206,0.016074020577391372,2010-07-26
EW,,Strategy1,67,16,16,Insufficient Data,OTM_10pct,True,False,25,0.19607843137254902,0.11764705882352941,0.3125,0.3125,0.0625,0.00804762789109692,-0.04966164409791901,-0.3605685984862408,0.09999999999999994,0.663408911431522,0.022548802049383924,2018-09-21
EW,,Strategy2,69,23,23,Effective,OTM_7pct,True,True,25,0.2608695652173913,0.13043478260869565,0.30434782608695654,0.21739130434782608,0.13043478260869565,0.020060464050834836,-0.04785621709922139,-0.26446000886194687,0.07000000000000005,0.8733021871150158,0.02349253699694952,2018-09-21
EXC,,Strategy1,98,37,37,Neutral,OTM_7pct,True,False,25,0.2459016393442623,0.08196721311475409,0.2702702702702703,0.24324324324324326,0.08108108108108109,-0.005237976384321996,-0.03337458745601862,-0.23614844621899633,0.07000000000000006,0.45095090789628095,0.01857411883165755,2010-08-16
EXC,,Strategy2,109,40,40,Effective,OTM_10pct,True,False,25,0.21739130434782608,0.057971014492753624,0.125,0.05,0.025,0.01727439642263706,-0.032985372958567016,-0.13841096045909962,0.10000000000000002,0.37249245618617705,0.018026701040459177,2010-08-16
EXE,,Strategy1,15,1,2,Insufficient Data,ATR_3,True,True,25,0.23076923076923078,0.07692307692307693,0.0,0.0,0.0,0.0,-0.03396039906114634,-0.03396039906114634,0.07340876621100659,2.595937928699312,0.030441021753805413,2024-12-26
EXE,,Strategy2,16,2,2,Insufficient Data,ATR_2,True,True,25,0.2857142857142857,0.14285714285714285,1.0,0.5,0.0,0.014817642892456073,-0.06406787093290722,-0.06975611244759905,0.05554354562929906,2.7258259057998657,0.03113117028587049,2024-12-26
EXPD,,Strategy1,97,34,34,Neutral,ATR_3,True,True,25,0.30158730158730157,0.1111111111111111,0.47058823529411764,0.35294117647058826,0.11764705882352941,-0.009450390774196848,-0.053957197778642496,-0.26452062307116186,0.0598903689851238,0.9135450836002212,0.02464471755249598,2014-01-23
EXPD,,Strategy2,98,27,27,Not Effective,ATR_3,True,True,25,0.28169014084507044,0.14084507042253522,0.5925925925925926,0.48148148148148145,0.25925925925925924,-0.01731959077500811,-0.054938802913743645,-0.26090013551564784,0.0551066203067704,0.817024125280429,0.026270088675106225,2014-01-23
EXPE,,Strategy1,54,12,13,Insufficient Data,OTM_10pct,False,False,25,0.2682926829268293,0.21951219512195122,0.3333333333333333,0.3333333333333333,0.08333333333333333,0.10958535998475316,-0.04030682393900181,-0.19210967267173096,0.10000000000000002,2.9572485792573793,0.02911573210041674,2020-04-27
EXPE,,Strategy2,49,14,15,Insufficient Data,OTM_10pct,False,False,25,0.35294117647058826,0.14705882352941177,0.5714285714285714,0.5714285714285714,0.35714285714285715,-0.07671191776098901,-0.12241715878342935,-0.23437649230210877,0.09999999999999996,3.2016327443692836,0.030497764313991857,2020-04-27
EXR,,Strategy1,53,16,16,Insufficient Data,OTM_10pct,True,False,25,0.13513513513513514,0.05405405405405406,0.3125,0.3125,0.25,-0.043475034373145816,-0.06035628118925901,-0.332537659103909,0.09999999999999998,1.6377759500333884,0.020841035158364492,2020-01-15
EXR,,Strategy2,50,14,14,Insufficient Data,ATR_2.5,True,False,25,0.3333333333333333,0.08333333333333333,0.42857142857142855,0.35714285714285715,0.2857142857142857,0.012559045221417098,-0.05875436726532679,-0.33155576020328026,0.05943080791896761,1.5730143553870064,0.024291372452295658,2020-01-15
F,,Strategy1,123,32,32,Effective,OTM_10pct,True,False,25,0.1978021978021978,0.12087912087912088,0.28125,0.25,0.125,0.0010035571521107012,-0.07009775070119573,-0.2837736021797612,0.1,0.25910330711756857,0.024716954514855307,2010-05-07
F,,Strategy2,117,37,37,Neutral,OTM_7pct,True,False,25,0.35,0.1375,0.3783783783783784,0.2972972972972973,0.13513513513513514,-0.01164148774078888,-0.061184168629698665,-0.31034479239382917,0.07000000000000009,0.2843524295113463,0.025008044694625097,2010-05-07
FANG,,Strategy1,30,6,6,Insufficient Data,ATR_3,False,True,25,0.4166666666666667,0.125,0.3333333333333333,0.3333333333333333,0.0,0.033559109237070894,-0.020318948873970677,-0.11849504241297082,0.08628654528152592,3.6675475801740367,0.037992755363283504,2022-06-28
FANG,,Strategy2,39,12,12,Insufficient Data,ATR_3,True,True,25,0.3333333333333333,0.1111111111111111,0.3333333333333333,0.3333333333333333,0.08333333333333333,0.026800135764202593,-0.0474947060974209,-0.19544345856261836,0.07897801082757507,3.7448348684625317,0.035838239120307966,2022-06-28
FAST,,Strategy1,81,27,27,Effective,OTM_10pct,True,False,25,0.2962962962962963,0.12962962962962962,0.18518518518518517,0.18518518518518517,0.07407407407407407,0.02442182633592216,-0.046620568084387304,-0.2139841763545547,0.10000000000000002,0.24646885596820184,0.02532615483401452,2014-12-05
FAST,,Strategy2,93,26,26,Effective,OTM_7pct,True,True,25,0.31343283582089554,0.08955223880597014,0.19230769230769232,0.19230769230769232,0.07692307692307693,0.020542293483320262,-0.04867753951873116,-0.18482020686326528,0.07000000000000005,0.20497062277569567,0.026535201632517196,2014-12-05
FCX,,Strategy1,75,25,26,Not Effective,ATR_3,False,True,25,0.30612244897959184,0.20408163265306123,0.52,0.52,0.28,0.035398262261223445,-0.10374261137200613,-0.2553191831762056,0.10224146670266113,0.8589271222977414,0.03342916074024964,2017-04-21
FCX,,Strategy2,58,25,25,Neutral,OTM_10pct,False,True,25,0.3939393939393939,0.21212121212121213,0.44,0.44,0.2,0.011595752479026444,-0.08248993164143659,-0.4508064393322372,0.1,0.9955218783740338,0.03514297615864844,2017-04-21
FDS,,Strategy1,77,15,15,Insufficient Data,OTM_7pct,True,False,25,0.3064516129032258,0.14516129032258066,0.2,0.2,0.2,0.05605333978439009,-0.03572411985905699,-0.12067222579995873,0.07000000000000006,2.4764360032408934,0.02201342425600728,2017-08-08
FDS,,Strategy2,61,16,16,Insufficient Data,OTM_10pct,False,True,25,0.3111111111111111,0.15555555555555556,0.1875,0.0625,0.0625,-0.011683218026177777,-0.04569459381441676,-0.1593089947052675,0.09999999999999998,2.7626654202820826,0.024033175771535766,2017-08-08
FDX,,Strategy1,113,34,35,Effective,OTM_10pct,True,False,25,0.2948717948717949,0.11538461538461539,0.17647058823529413,0.14705882352941177,0.08823529411764706,0.010479919340376065,-0.048076365472209226,-0.16593040893566757,0.10000000000000002,1.5911888904426856,0.023067358829625045,2012-02-09
FDX,,Strategy2,104,33,34,Effective,OTM_10pct,True,False,25,0.2714285714285714,0.08571428571428572,0.18181818181818182,0.18181818181818182,0.12121212121212122,0.01586957420667079,-0.048213738673373974,-0.430163736948152,0.1,1.5804225669784862,0.024306889498177983,2012-02-09
FE,,Strategy1,62,18,18,Insufficient Data,OTM_7pct,True,False,25,0.25,0.13636363636363635,0.16666666666666666,0.05555555555555555,0.05555555555555555,0.030244768039229042,-0.03348970536496282,-0.10827066490266402,0.07000000000000006,0.742004631851126,0.017674739401622536,2018-01-04
FE,,Strategy2,60,25,25,Effective,OTM_10pct,True,False,25,0.2,0.05714285714285714,0.04,0.04,0.0,0.018459856883377812,-0.02919497737899135,-0.11617686239943725,0.09999999999999998,0.7184315840403238,0.01837238023544919,2018-01-04
FFIV,,Strategy1,74,23,23,Not Effective,ATR_3,False,True,25,0.4117647058823529,0.19607843137254902,0.34782608695652173,0.30434782608695654,0.2608695652173913,0.010875563355799311,-0.04278997851918709,-0.2672016046039316,0.07081337028088167,2.8109768297681477,0.0364463722010781,2018-06-25
FFIV,,Strategy2,59,15,15,Insufficient Data,OTM_10pct,False,False,25,0.36363636363636365,0.18181818181818182,0.26666666666666666,0.13333333333333333,0.06666666666666667,0.039994065734169304,-0.0469388702979624,-0.3763777175878804,0.09999999999999996,2.641366600413011,0.03472441162137797,2018-06-25
FICO,,Strategy1,75,30,31,Neutral,ATR_3,True,True,25,0.3409090909090909,0.13636363636363635,0.3333333333333333,0.23333333333333334,0.16666666666666666,0.02246204993335077,-0.037694297036951596,-0.15238385188281967,0.07009250861087896,6.7046191883087145,0.025130471507033944,2014-11-25
FICO,,Strategy2,91,29,29,Neutral,ATR_3,True,True,25,0.3225806451612903,0.11290322580645161,0.41379310344827586,0.3448275862068966,0.1724137931034483,0.03407468502590083,-0.0684240870828039,-0.26600940201278755,0.0847360407370616,5.805528037542451,0.026794057455572024,2014-11-25
FIS,,Strategy1,54,13,13,Insufficient Data,OTM_5pct,True,False,25,0.2682926829268293,0.14634146341463414,0.6923076923076923,0.6923076923076923,0.5384615384615384,-0.051255487638870334,-0.08940846541013836,-0.19528129572501907,0.05000000000000006,1.045529057739904,0.01831682320383394,2019-02-06
FIS,,Strategy2,56,16,16,Insufficient Data,ATR_2.5,True,True,25,0.3,0.125,0.4375,0.25,0.25,0.008367340461544304,-0.047509923223676975,-0.15101795227999815,0.051270076204855665,1.103877614955513,0.01917713743623265,2019-02-06
FISV,,Strategy1,85,23,24,Neutral,ATR_3,True,False,25,0.29508196721311475,0.14754098360655737,0.4782608695652174,0.391304347826087,0.17391304347826086,-0.00048783465129575987,-0.039324447089969294,-0.17842522568590058,0.05184602803337802,0.6169197942779845,0.023866806193730748,2014-08-28
FISV,,Strategy2,99,39,39,Effective,OTM_7pct,True,False,25,0.31666666666666665,0.11666666666666667,0.3076923076923077,0.2564102564102564,0.1282051282051282,0.03014887073121253,-0.02890726807952293,-0.16136993405351452,0.07000000000000003,0.7438626643082108,0.025036986773615134,2014-08-28
FITB,,Strategy1,66,29,29,Not Effective,OTM_5pct,True,False,25,0.2972972972972973,0.10810810810810811,0.5517241379310345,0.5172413793103449,0.3103448275862069,0.005639047369019767,-0.05504584452170036,-0.14434683094850187,0.05000000000000006,0.5983599381787437,0.022551835101662237,2012-09-07
FITB,,Strategy2,93,36,36,Neutral,ATR_3,True,True,25,0.2982456140350877,0.10526315789473684,0.25,0.2222222222222222,0.16666666666666666,0.05299647904406679,-0.02951011753966387,-0.19995041177625683,0.0658579275791588,0.6223034534586187,0.022695433458522856,2012-09-07
FIX,,Strategy1,61,23,23,Neutral,ATR_3,True,True,25,0.23684210526315788,0.10526315789473684,0.30434782608695654,0.2608695652173913,0.17391304347826086,0.03911431761807327,-0.05508317238977045,-0.2616479155521132,0.09474310535373018,5.289446823770046,0.031098352760316274,2017-11-22
FIX,,Strategy2,63,20,20,Neutral,ATR_3,False,True,25,0.37209302325581395,0.16279069767441862,0.35,0.3,0.05,-0.0050852598032114504,-0.0734652734566214,-0.31122862661819095,0.0863640360642807,3.210110654365989,0.03181200082122373,2017-11-22
FOX,,Strategy1,15,7,7,Insufficient Data,OTM_10pct,True,True,25,0.125,0.125,0.0,0.0,0.0,0.04043874350490162,-0.01763444735541042,-0.06833330790201819,0.09999999999999999,0.9072142010643369,0.02195992365041148,2024-05-30
FOX,,Strategy2,13,3,3,Insufficient Data,OTM_10pct,False,True,25,0.2,0.2,0.0,0.0,0.0,0.023865859295156833,-0.03096646294277483,-0.07276911074163794,0.09999999999999998,0.7938736402071439,0.022793598394615013,2024-05-30
FOXA,,Strategy1,16,7,7,Insufficient Data,ATR_2.5,True,True,25,0.3333333333333333,0.1111111111111111,0.2857142857142857,0.14285714285714285,0.14285714285714285,0.024668268000205495,-0.046516338711011795,-0.25616666563414037,0.0567923295050708,1.0695134571620397,0.024276638123802166,2024-05-30
FOXA,,Strategy2,14,3,3,Insufficient Data,OTM_7pct,True,True,25,0.2727272727272727,0.09090909090909091,0.0,0.0,0.0,0.05149150464475971,-0.011541220337375813,-0.03152176910176807,0.07000000000000008,0.8902806651835539,0.024625897898005598,2024-05-30
FRT,,Strategy1,106,40,40,Neutral,OTM_7pct,True,False,25,0.22727272727272727,0.12121212121212122,0.2,0.2,0.1,-0.00987021182764608,-0.039750753311873166,-0.11421949210231397,0.07000000000000002,1.018266031362939,0.016280826231965247,2010-08-16
FRT,,Strategy2,112,40,40,Effective,ATR_2.5,True,True,25,0.3472222222222222,0.125,0.35,0.325,0.075,0.004809949880939746,-0.027636762993474673,-0.09921441982668167,0.04175581260907375,1.0079525386800572,0.017359384687571706,2010-08-16
FSLR,,Strategy1,40,7,12,Insufficient Data,X_CLOSE,False,,25,0.5789473684210527,0.21052631578947367,0.8571428571428571,0.7142857142857143,0.14285714285714285,0.04902670013154409,-0.09930582181767889,-0.1531115569777446,0.044133311116316076,5.282464395250593,0.042497655381251886,2020-09-18
FSLR,,Strategy2,37,13,13,Insufficient Data,OTM_10pct,False,False,25,0.5,0.25,0.6153846153846154,0.5384615384615384,0.23076923076923078,0.018013814736775435,-0.13746657477723523,-0.22977512807434886,0.09999999999999996,5.954440094789484,0.045234072388595274,2020-09-18
FTNT,,Strategy1,44,9,9,Insufficient Data,OTM_7pct,True,False,25,0.2857142857142857,0.11428571428571428,0.3333333333333333,0.3333333333333333,0.2222222222222222,-0.009477598782115071,-0.04497414790169607,-0.33598481288078785,0.07000000000000006,0.682816598516006,0.029000333739691634,2021-08-13
FTNT,,Strategy2,27,11,11,Insufficient Data,OTM_10pct,True,False,25,0.3125,0.125,0.18181818181818182,0.09090909090909091,0.0,0.060637960198805185,-0.07512907568288352,-0.18356003580070457,0.09999999999999999,1.049071381016383,0.03236131991058079,2021-08-13
FTV,,Strategy1,28,5,5,Insufficient Data,ATR_2.5,True,True,25,0.34782608695652173,0.13043478260869565,0.6,0.4,0.0,0.03985914234712329,-0.06167120308262153,-0.07810744267950709,0.05695146380332959,0.9760905869153081,0.0193312866833572,2023-08-10
FTV,,Strategy2,19,8,8,Insufficient Data,OTM_7pct,False,False,25,0.18181818181818182,0.18181818181818182,0.5,0.5,0.375,-0.024850822765995095,-0.06924510084744034,-0.15877254366595817,0.07000000000000008,1.0396189295259632,0.02009135611283316,2023-08-10
GD,,Strategy1,149,54,54,Effective,OTM_7pct,True,True,25,0.30526315789473685,0.10526315789473684,0.16666666666666666,0.09259259259259259,0.05555555555555555,0.01635736514099362,-0.02424517358543815,-0.2001942014231265,0.07000000000000003,1.1434185091881144,0.019073960878562477,2007-04-04
GD,,Strategy2,141,45,45,Effective,OTM_10pct,True,True,25,0.23958333333333334,0.14583333333333334,0.1111111111111111,0.044444444444444446,0.022222222222222223,0.019652175614224277,-0.02752487951097138,-0.3076757177220094,0.09999999999999998,1.1285879496926594,0.01994776986651835,2007-04-04
GDDY,,Strategy1,30,8,8,Insufficient Data,OTM_10pct,True,False,25,0.3181818181818182,0.09090909090909091,0.25,0.25,0.0,0.020465986882535425,-0.03666752903442311,-0.1554879928506695,0.09999999999999995,1.9249024527413505,0.025142048708641767,2023-03-23
GDDY,,Strategy2,23,9,9,Insufficient Data,OTM_10pct,False,False,25,0.35714285714285715,0.07142857142857142,0.1111111111111111,0.1111111111111111,0.1111111111111111,0.03302552411717663,-0.016477324388735393,-0.13572518152135016,0.09999999999999996,2.0799070381970135,0.025573669841249324,2023-03-23
GE,,Strategy1,134,32,32,Neutral,OTM_7pct,True,False,25,0.20588235294117646,0.09803921568627451,0.34375,0.28125,0.21875,0.01649775349800542,-0.024565802256902025,-0.2600104243519219,0.07000000000000008,1.463022778029126,0.01844892491276665,2007-04-04
GE,,Strategy2,156,46,46,Neutral,OTM_7pct,True,False,25,0.2818181818181818,0.11818181818181818,0.34782608695652173,0.2608695652173913,0.15217391304347827,0.0021794414863711697,-0.04932532590403327,-0.27693762525847443,0.07000000000000005,1.5022405997300763,0.020208483978794493,2007-04-04
GEHC,,Strategy1,7,3,4,Insufficient Data,OTM_10pct,True,True,25,0.0,0.0,0.6666666666666666,0.3333333333333333,0.3333333333333333,-0.06085372073319806,-0.10897594568401003,-0.20693846452671494,0.10000000000000002,1.981979953999422,0.02600007828146273,2025-07-22
GEHC,,Strategy2,8,2,3,Insufficient Data,ATR_2.5,True,True,25,0.2,0.0,0.0,0.0,0.0,0.07610997122613916,-0.052100861871684,-0.06025596226605645,0.0709051088808389,1.9780447823660716,0.026869886809625144,2025-07-22
GEN,,Strategy1,97,29,29,Neutral,OTM_10pct,False,False,25,0.4117647058823529,0.19117647058823528,0.3793103448275862,0.3448275862068966,0.2413793103448276,-0.03101600554538686,-0.07145742531502053,-0.41201413999130576,0.1,0.4253426620816272,0.031237394309652104,2015-06-26
GEN,,Strategy2,87,24,24,Not Effective,ATR_3,False,True,25,0.4444444444444444,0.19047619047619047,0.5,0.4166666666666667,0.2916666666666667,-0.01978048968607049,-0.05645412799300353,-0.2832699266809362,0.0657998684105691,0.39075575467988183,0.033311727041264005,2015-06-26
GEV,,Strategy1,5,2,2,Insufficient Data,ATR_2.5,True,True,25,0.3333333333333333,0.0,0.5,0.5,0.0,0.012143594147469405,-0.07229427977107367,-0.13788932601020198,0.12758996557966695,23.517686680385047,0.04086696563946204,2025-12-05
GEV,,Strategy2,4,1,1,Insufficient Data,TECH_X,True,,25,0.3333333333333333,0.0,0.0,0.0,0.0,-0.006875985740720125,-0.011211368040432101,-0.011211368040432101,0.053284243471111915,28.47300229753767,0.0448907556482898,2025-12-05
GILD,,Strategy1,68,17,18,Insufficient Data,ATR_3,True,True,25,0.26,0.14,0.4117647058823529,0.23529411764705882,0.17647058823529413,-0.02338507948715096,-0.04080722413552629,-0.11804067921214656,0.059951017520081355,0.9299490127493355,0.031869970503899926,2016-04-07
GILD,,Strategy2,87,31,31,Neutral,ATR_2.5,True,False,25,0.30357142857142855,0.14285714285714285,0.41935483870967744,0.3548387096774194,0.22580645161290322,-0.0005159092861801717,-0.04398411633317234,-0.13640717831914295,0.05125269502422979,0.9983816594007763,0.03277652820714882,2016-04-07
GIS,,Strategy1,106,28,28,Effective,OTM_7pct,True,True,25,0.23076923076923078,0.08974358974358974,0.14285714285714285,0.14285714285714285,0.07142857142857142,0.01857977722721793,-0.03038681852439651,-0.13457607996729026,0.07000000000000005,0.4296899253949322,0.016267903823278248,2012-09-07
GIS,,Strategy2,111,34,34,Neutral,OTM_7pct,True,False,25,0.22077922077922077,0.12987012987012986,0.2647058823529412,0.20588235294117646,0.11764705882352941,-0.00689518963985547,-0.044883212827891705,-0.18120506871043418,0.07000000000000005,0.5025735680814569,0.01681269462697988,2012-09-07
GL,,Strategy1,113,29,29,Effective,OTM_7pct,True,False,25,0.27380952380952384,0.13095238095238096,0.2413793103448276,0.20689655172413793,0.06896551724137931,0.013374520446998828,-0.0294625776377897,-0.30978312547525655,0.07000000000000005,0.5510644089859144,0.017896885684284013,2012-11-07
GL,,Strategy2,112,41,41,Effective,OTM_7pct,True,False,25,0.2112676056338028,0.056338028169014086,0.14634146341463414,0.0975609756097561,0.04878048780487805,0.03263633034446012,-0.028376425813966377,-0.13938414369010732,0.07000000000000006,0.7586211356885579,0.017970933156808228,2012-11-07
GLD,,Strategy1,65,22,23,Effective,OTM_5pct,True,False,25,0.14285714285714285,0.11904761904761904,0.22727272727272727,0.22727272727272727,0.045454545454545456,0.0075945947961159055,-0.02458782803393672,-0.11839377915748162,0.05000000000000004,1.6411319942264768,0.011387682170430378,2020-02-13
GLD,,Strategy2,48,13,13,Insufficient Data,OTM_3pct,True,False,25,0.3142857142857143,0.11428571428571428,0.38461538461538464,0.3076923076923077,0.23076923076923078,0.03278228717446585,-0.0198338921348431,-0.08202146742844496,0.030000000000000013,1.4901786077590213,0.01178946321319022,2020-02-13
GLW,,Strategy1,87,27,27,Effective,OTM_7pct,True,False,25,0.3333333333333333,0.13333333333333333,0.2222222222222222,0.18518518518518517,0.1111111111111111,0.009366314804598819,-0.04120396835518103,-0.1769230673733111,0.07000000000000006,0.45851121571263664,0.02394759388332008,2013-03-27
GLW,,Strategy2,95,25,25,Neutral,ATR_3,True,True,25,0.22857142857142856,0.12857142857142856,0.4,0.28,0.24,0.03305781867105084,-0.04488547521693109,-0.3559440618669195,0.05902781812445947,0.46953150706183655,0.024696961698242523,2013-03-27
GM,,Strategy1,33,10,10,Insufficient Data,OTM_10pct,True,True,25,0.2608695652173913,0.08695652173913043,0.4,0.3,0.2,0.013083158190283384,-0.0662157703517437,-0.22669647118215697,0.09999999999999995,1.1500216108379941,0.02555379316579865,2021-11-30
GM,,Strategy2,33,8,8,Insufficient Data,OTM_10pct,True,False,25,0.16,0.12,0.5,0.5,0.125,-0.006790344801556103,-0.0837426022963611,-0.19573702158390205,0.1,1.008636474609375,0.025410636079060262,2021-11-30
GNRC,,Strategy1,38,13,13,Insufficient Data,OTM_10pct,True,True,25,0.24,0.08,0.38461538461538464,0.38461538461538464,0.3076923076923077,-0.006184934226662886,-0.06419212641153793,-0.17393198248598363,0.09999999999999996,3.6871618650909657,0.030606031995590498,2021-09-08
GNRC,,Strategy2,35,7,7,Insufficient Data,OTM_10pct,True,True,25,0.32142857142857145,0.14285714285714285,0.5714285714285714,0.2857142857142857,0.14285714285714285,0.023438552825566505,-0.10742280342034327,-0.2551067876847154,0.09999999999999999,2.653122491252666,0.029240015040465365,2021-09-08
GOOG,,Strategy1,61,18,18,Insufficient Data,OTM_10pct,True,False,25,0.20930232558139536,0.11627906976744186,0.2777777777777778,0.16666666666666666,0.1111111111111111,0.030956741557099154,-0.06228306543033468,-0.1594202708627489,0.09999999999999994,1.3422569513879279,0.019376979952120423,2020-01-16
GOOG,,Strategy2,45,13,13,Insufficient Data,OTM_10pct,True,True,25,0.1875,0.0625,0.15384615384615385,0.07692307692307693,0.07692307692307693,0.042595777011444236,-0.04302450710481054,-0.14210591167204079,0.09999999999999996,1.5467966987973165,0.02107785826150788,2020-01-16
GOOGL,,Strategy1,64,18,18,Insufficient Data,OTM_10pct,True,False,25,0.1956521739130435,0.10869565217391304,0.2777777777777778,0.2222222222222222,0.16666666666666666,0.006870930861143321,-0.07276849372985011,-0.16186103564951593,0.09999999999999998,1.3106490464082787,0.019246183093621444,2020-01-16
GOOGL,,Strategy2,46,15,15,Insufficient Data,OTM_10pct,True,True,25,0.1935483870967742,0.06451612903225806,0.06666666666666667,0.0,0.0,0.0410256008973342,-0.030265759410046056,-0.11001708324540538,0.09999999999999999,1.42194093976702,0.02092226307194537,2020-01-16
GPC,,Strategy1,100,30,30,Neutral,OTM_7pct,True,False,25,0.24285714285714285,0.11428571428571428,0.3333333333333333,0.23333333333333334,0.16666666666666666,0.010909459158983337,-0.04019724477751496,-0.16584443172556995,0.07000000000000006,0.9152637560026985,0.017431536431260514,2012-09-07
GPC,,Strategy2,115,34,34,Neutral,OTM_5pct,True,False,25,0.32098765432098764,0.13580246913580246,0.3235294117647059,0.20588235294117646,0.17647058823529413,0.008190656137370855,-0.035717626895247656,-0.19159621083999812,0.050000000000000044,0.9351679082242598,0.017803813617711547,2012-09-07
GPN,,Strategy1,57,17,17,Insufficient Data,OTM_10pct,True,False,25,0.15,0.125,0.23529411764705882,0.17647058823529413,0.058823529411764705,0.014996964156133608,-0.026216642368952603,-0.45145527929532947,0.09999999999999998,1.4430011585541536,0.022877913687729186,2018-12-19
GPN,,Strategy2,62,17,17,Insufficient Data,OTM_10pct,True,False,25,0.17777777777777778,0.13333333333333333,0.35294117647058826,0.29411764705882354,0.17647058823529413,-0.00870372630931715,-0.0633185633869312,-0.1914353676129129,0.1,1.407557622628278,0.024644735692911212,2018-12-19
GRMN,,Strategy1,68,25,25,Neutral,ATR_3,True,True,25,0.32558139534883723,0.13953488372093023,0.44,0.28,0.08,0.03123431374795138,-0.0450034464701865,-0.16521735500553514,0.05867013294288083,1.6849790480958313,0.025011655974872433,2018-12-07
GRMN,,Strategy2,58,17,17,Insufficient Data,OTM_10pct,True,False,25,0.1951219512195122,0.0975609756097561,0.058823529411764705,0.058823529411764705,0.0,0.028956450335865913,-0.025153411678009996,-0.14405220920879525,0.09999999999999996,1.3719765458788191,0.022693790913069934,2018-12-07
GS,,Strategy1,61,17,17,Insufficient Data,OTM_10pct,True,False,25,0.22727272727272727,0.06818181818181818,0.17647058823529413,0.11764705882352941,0.0,0.008686144890563519,-0.05263473425973619,-0.1156479995224633,0.09999999999999998,4.92002364790691,0.02151351726005886,2018-06-15
GS,,Strategy2,64,18,18,Insufficient Data,OTM_10pct,True,True,25,0.17391304347826086,0.10869565217391304,0.16666666666666666,0.1111111111111111,0.05555555555555555,0.011023479986944307,-0.04801136759591651,-0.17468542886183858,0.09999999999999999,4.857321228299821,0.023323427572200437,2018-06-15
GWW,,Strategy1,139,37,37,Effective,OTM_10pct,True,False,25,0.1568627450980392,0.10784313725490197,0.10810810810810811,0.08108108108108109,0.05405405405405406,0.0180052351465414,-0.03181299218691358,-0.15686781915910486,0.10000000000000003,3.0055830191977835,0.01855681821254577,2010-07-26
GWW,,Strategy2,113,37,37,Neutral,OTM_7pct,True,False,25,0.2631578947368421,0.10526315789473684,0.2702702702702703,0.24324324324324326,0.1891891891891892,0.019023051873869212,-0.036770284875876746,-0.2538784526247204,0.07000000000000006,3.1227653156188886,0.018602986194088088,2010-07-26
HAL,,Strategy1,126,40,40,Effective,ATR_3,True,False,25,0.3372093023255814,0.13953488372093023,0.275,0.275,0.15,0.02679566332045702,-0.0409722969502499,-0.2937219933902815,0.09249066940265026,0.6306803596803663,0.028205298896692148,2010-05-07
HAL,,Strategy2,112,33,33,Neutral,OTM_10pct,False,False,25,0.26582278481012656,0.1518987341772152,0.3939393939393939,0.30303030303030304,0.15151515151515152,0.03378384183554539,-0.05255251557143037,-0.26658214810324377,0.09999999999999999,0.5988668729456103,0.0294839055228828,2010-05-07
HAS,,Strategy1,117,38,38,Effective,OTM_10pct,True,True,25,0.21518987341772153,0.0379746835443038,0.15789473684210525,0.07894736842105263,0.07894736842105263,0.0041984290236452,-0.041054955361834566,-0.23787967761992523,0.10000000000000002,0.7896291300818161,0.0233019569381044,2012-09-07
HAS,,Strategy2,105,25,25,Effective,OTM_7pct,True,True,25,0.3125,0.1375,0.32,0.24,0.04,0.014977731795740912,-0.0442557936403154,-0.49023697839529023,0.07000000000000005,0.6749175645867174,0.024927446385029133,2012-09-07
HBAN,,Strategy1,76,26,26,Effective,OTM_10pct,True,False,25,0.22,0.1,0.3076923076923077,0.2692307692307692,0.07692307692307693,0.0052651517559686445,-0.041072413780327555,-0.3566343234242353,0.1,0.3021071087148853,0.02412116234640651,2012-09-07
HBAN,,Strategy2,99,32,33,Effective,ATR_3,True,True,25,0.2878787878787879,0.10606060606060606,0.15625,0.09375,0.03125,0.03227926639914347,-0.03604808428547457,-0.14456797613741978,0.06730452852060033,0.2598756388324336,0.022675979942851626,2012-09-07
HCA,,Strategy1,31,8,8,Insufficient Data,OTM_5pct,True,False,25,0.34782608695652173,0.0,0.5,0.375,0.25,-0.003238224099340159,-0.04772872771187553,-0.13966083459865264,0.05000000000000005,3.840345026710616,0.021887793890712968,2022-01-03
HCA,,Strategy2,38,12,12,Insufficient Data,OTM_7pct,True,False,25,0.2692307692307692,0.07692307692307693,0.5,0.4166666666666667,0.3333333333333333,0.08336989344293821,-0.061075038917150604,-0.20920088012836502,0.07000000000000008,4.642537661961146,0.025105192046988384,2022-01-03
HD,,Strategy1,111,33,34,Effective,OTM_10pct,True,True,25,0.22077922077922077,0.09090909090909091,0.15151515151515152,0.12121212121212122,0.06060606060606061,0.002691294336958583,-0.04257769205568451,-0.19998264993157655,0.10000000000000002,1.7072709827963146,0.022961143239763834,2013-02-26
HD,,Strategy2,114,34,34,Effective,OTM_7pct,True,False,25,0.3375,0.125,0.17647058823529413,0.14705882352941177,0.11764705882352941,0.025168958177781975,-0.029632064911330414,-0.1595769711334325,0.07000000000000005,1.6496621958145814,0.024277600502691336,2013-02-26
HIG,,Strategy1,74,21,21,Effective,OTM_10pct,True,True,25,0.18867924528301888,0.1320754716981132,0.047619047619047616,0.047619047619047616,0.0,0.02237375658937113,-0.03341249397339563,-0.11056915281919377,0.09999999999999996,1.121042536032246,0.021496404733209476,2017-06-09
HIG,,Strategy2,75,29,29,Neutral,OTM_7pct,True,False,25,0.30434782608695654,0.10869565217391304,0.3103448275862069,0.3103448275862069,0.1724137931034483,0.010430749677717843,-0.04352082883854391,-0.23758209724465684,0.07000000000000005,1.2374143491472516,0.021799418791933783,2017-06-09
HII,,Strategy1,34,4,4,Insufficient Data,OTM_10pct,True,True,25,0.2,0.1,0.0,0.0,0.0,0.07264732550127662,-0.03265731172751124,-0.06423555578806062,0.09999999999999998,3.1606300498257167,0.020966650741558315,2022-01-06
HII,,Strategy2,23,8,8,Insufficient Data,ATR_2,True,True,25,0.3333333333333333,0.13333333333333333,0.75,0.375,0.25,0.07267049757493604,-0.052712237181686994,-0.09760651022207423,0.04269524876341719,3.8529817213923288,0.02124565862379966,2022-01-06
HLT,,Strategy1,32,12,12,Insufficient Data,ATR_2.5,True,False,25,0.35,0.1,0.5,0.4166666666666667,0.3333333333333333,-0.025348665865644437,-0.048122536370072966,-0.10581554996850295,0.04603171032180475,2.7998353753771106,0.019261923395569244,2022-11-01
HLT,,Strategy2,30,8,9,Insufficient Data,OTM_7pct,True,False,25,0.23809523809523808,0.14285714285714285,0.125,0.0,0.0,0.02802752706493894,-0.030724769235122684,-0.07785708738205521,0.07000000000000008,2.747549293154762,0.022579446661551934,2022-11-01
HON,,Strategy1,140,49,49,Neutral,OTM_7pct,True,False,25,0.3076923076923077,0.10989010989010989,0.2653061224489796,0.24489795918367346,0.10204081632653061,-0.0024038295567211376,-0.045276328092747176,-0.2780291548567605,0.07000000000000005,0.8420800094701808,0.019510448576742404,2007-04-04
HON,,Strategy2,160,48,48,Effective,OTM_7pct,True,False,25,0.2857142857142857,0.14285714285714285,0.2708333333333333,0.20833333333333334,0.10416666666666667,0.003544567725583203,-0.03772528720333346,-0.4367060148663535,0.0700000000000001,0.9115972235798837,0.02003535243355856,2007-04-04
HOOD,,Strategy1,11,2,3,Insufficient Data,OTM_10pct,True,True,25,0.25,0.125,0.5,0.5,0.0,0.18712604357688678,-0.12085178483854347,-0.15345129502558075,0.09999999999999995,2.068863562175206,0.050354658100625095,2025-02-19
HOOD,,Strategy2,10,3,3,Insufficient Data,ATR_3,False,True,25,0.7142857142857143,0.14285714285714285,0.0,0.0,0.0,0.0720771605819781,-0.05294026372406546,-0.1379269467659766,0.18639794080747518,2.4001713071550643,0.05407802339326455,2025-02-19
HPE,,Strategy1,20,6,6,Insufficient Data,OTM_10pct,True,True,25,0.21428571428571427,0.07142857142857142,0.0,0.0,0.0,0.14823819510050962,-0.040729097559897176,-0.08169765964785991,0.09999999999999996,0.42613618714468815,0.02668337964390425,2023-05-23
HPE,,Strategy2,19,6,6,Insufficient Data,OTM_10pct,False,False,25,0.5384615384615384,0.15384615384615385,0.3333333333333333,0.3333333333333333,0.0,-0.007909313314489741,-0.040753213958522105,-0.1883910445511593,0.09999999999999996,0.3947322601662543,0.02602413132396259,2023-05-23
HPQ,,Strategy1,169,53,53,Effective,OTM_10pct,True,False,25,0.19827586206896552,0.11206896551724138,0.22641509433962265,0.18867924528301888,0.09433962264150944,0.008743916117163852,-0.05156039624715558,-0.4399285259627723,0.09999999999999994,0.25113142769868757,0.024645908639493376,2007-04-04
HPQ,,Strategy2,128,29,29,Effective,ATR_3,False,True,25,0.3434343434343434,0.15151515151515152,0.3448275862068966,0.2413793103448276,0.10344827586206896,0.014664813532329068,-0.045961906126383956,-0.20740224759140813,0.07328123619122377,0.2667169284749044,0.026280161681324663,2007-04-04
HRL,,Strategy1,98,27,27,Effective,OTM_7pct,True,False,25,0.2676056338028169,0.09859154929577464,0.07407407407407407,0.037037037037037035,0.037037037037037035,0.0063420121076054325,-0.03796034508638346,-0.13205016753760956,0.07000000000000005,0.23534777362996567,0.01851979619827691,2012-09-07
HRL,,Strategy2,107,39,39,Effective,OTM_7pct,True,False,25,0.2647058823529412,0.14705882352941177,0.15384615384615385,0.15384615384615385,0.10256410256410256,0.007151824131885309,-0.03355704697986572,-0.14659682635946236,0.07000000000000005,0.28855117612353,0.018472262326744333,2012-09-07
HSIC,,Strategy1,67,13,14,Insufficient Data,OTM_7pct,True,False,25,0.2830188679245283,0.11320754716981132,0.5384615384615384,0.38461538461538464,0.23076923076923078,-0.02354525436873156,-0.07062635482682489,-0.2063270041256825,0.07000000000000003,0.7037108808692331,0.022622708475039666,2017-05-26
HSIC,,Strategy2,69,17,17,Insufficient Data,OTM_7pct,True,False,25,0.3269230769230769,0.11538461538461539,0.35294117647058826,0.29411764705882354,0.17647058823529413,-0.024399682571482284,-0.06265539920634777,-0.19014845401796765,0.07000000000000008,0.7355723467426024,0.02373617156328742,2017-05-26
HST,,Strategy1,88,24,24,Neutral,OTM_10pct,False,True,25,0.28125,0.171875,0.16666666666666666,0.125,0.041666666666666664,-0.021460786328463877,-0.054391713586558976,-0.17386719265809436,0.09999999999999996,0.38947311856529937,0.023691167978884094,2012-09-07
HST,,Strategy2,108,33,33,Neutral,ATR_3,True,True,25,0.3466666666666667,0.14666666666666667,0.3333333333333333,0.24242424242424243,0.18181818181818182,0.02578789890637334,-0.05146204961894851,-0.1580726878798877,0.06990482860002084,0.3836289420329704,0.024107376588440692,2012-09-07
HSY,,Strategy1,109,30,30,Neutral,OTM_10pct,True,True,25,0.1518987341772152,0.0759493670886076,0.1,0.1,0.03333333333333333,-0.004697565057781294,-0.027731848466614584,-0.1593063791066004,0.10000000000000002,0.9473943529091529,0.018040361734383788,2012-09-07
HSY,,Strategy2,92,28,28,Neutral,ATR_2.5,True,False,25,0.3125,0.125,0.42857142857142855,0.32142857142857145,0.07142857142857142,0.01119200125628661,-0.025778846379440168,-0.09865467147500151,0.03935767957186505,0.9005836440909726,0.017968628333687012,2012-09-07
HUM,,Strategy1,108,33,33,Neutral,OTM_10pct,True,True,25,0.3333333333333333,0.14666666666666667,0.21212121212121213,0.15151515151515152,0.06060606060606061,-0.023895306739389666,-0.06222002798720483,-0.3994830790814127,0.10000000000000005,2.903354868056282,0.028162703494130283,2013-03-27
HUM,,Strategy2,98,34,35,Effective,OTM_10pct,True,False,25,0.2857142857142857,0.09523809523809523,0.08823529411764706,0.08823529411764706,0.029411764705882353,0.018548423995948804,-0.04914493610781345,-0.20591680712657634,0.1,2.9155734482033955,0.027328924479446827,2013-03-27
HWM,,Strategy1,23,8,9,Insufficient Data,OTM_10pct,True,True,25,0.14285714285714285,0.07142857142857142,0.125,0.0,0.0,0.03417135798389015,-0.03863871608670327,-0.1085898309934542,0.10000000000000002,2.0027215021737614,0.026098043817237338,2023-09-15
HWM,,Strategy2,20,5,5,Insufficient Data,ATR_3,True,True,25,0.3333333333333333,0.13333333333333333,0.0,0.0,0.0,0.09623780938217297,-0.036096200986690086,-0.07526932099359074,0.07284678228462912,1.504694972719465,0.025829712386148024,2023-09-15
IBKR,,Strategy1,48,18,18,Insufficient Data,OTM_10pct,True,True,25,0.2,0.06666666666666667,0.16666666666666666,0.1111111111111111,0.05555555555555555,0.03717590367020707,-0.023110624344285458,-0.16908404775478825,0.09999999999999996,0.49784967480670844,0.024678499309725918,2020-11-05
IBKR,,Strategy2,36,13,13,Insufficient Data,ATR_2,True,False,25,0.30434782608695654,0.13043478260869565,0.6923076923076923,0.6153846153846154,0.38461538461538464,-0.02723921485104186,-0.09784200047846192,-0.21944649968278385,0.05433516326776917,0.4363789250926366,0.028698020962042894,2020-11-05
IBM,,Strategy1,126,43,43,Neutral,OTM_5pct,True,False,25,0.3132530120481928,0.13253012048192772,0.4186046511627907,0.37209302325581395,0.23255813953488372,0.004065623273278529,-0.036568172423085854,-0.25723516455573747,0.05000000000000004,1.3989625120379212,0.016849499104157478,2007-04-04
IBM,,Strategy2,130,38,38,Neutral,OTM_10pct,True,False,25,0.2391304347826087,0.09782608695652174,0.15789473684210525,0.15789473684210525,0.05263157894736842,-0.0008018507472815073,-0.06442658253767669,-0.2824447436895533,0.10000000000000002,1.2849514563005047,0.01804864006638655,2007-04-04
ICE,,Strategy1,49,15,15,Insufficient Data,ATR_2.5,True,False,25,0.3235294117647059,0.14705882352941177,0.4666666666666667,0.4666666666666667,0.4,-0.006008557495641109,-0.025357231058233398,-0.13498920679559923,0.038645257740439386,1.1769417451352493,0.02271065554077147,2020-06-02
ICE,,Strategy2,53,13,13,Insufficient Data,ATR_2.5,True,False,25,0.3,0.1,0.46153846153846156,0.38461538461538464,0.15384615384615385,0.0012306146011606955,-0.040438041666136404,-0.06655355025149601,0.043758826080765346,1.16179514316857,0.021657310660035043,2020-06-02
IDXX,,Strategy1,85,28,28,Neutral,OTM_10pct,True,False,25,0.21052631578947367,0.07017543859649122,0.25,0.21428571428571427,0.07142857142857142,-0.010300138210156407,-0.05737926058245302,-0.21373070449148357,0.09999999999999999,3.349881345684789,0.027881086083166435,2016-02-03
IDXX,,Strategy2,85,24,24,Effective,ATR_3,False,True,25,0.3770491803278688,0.14754098360655737,0.3333333333333333,0.20833333333333334,0.041666666666666664,0.01874141358002901,-0.04175346847107991,-0.13759596965677923,0.08128365788156806,3.7706067277603785,0.030617961197877238,2016-02-03
IEX,,Strategy1,94,28,29,Effective,OTM_7pct,True,True,25,0.24615384615384617,0.1076923076923077,0.17857142857142858,0.07142857142857142,0.07142857142857142,0.021715106872823298,-0.027029911612262758,-0.1543019625002393,0.07000000000000005,1.3342572564774373,0.018972682962625616,2015-06-22
IEX,,Strategy2,80,21,21,Neutral,OTM_7pct,True,False,25,0.2711864406779661,0.0847457627118644,0.42857142857142855,0.3333333333333333,0.19047619047619047,0.004932392842362354,-0.03781157821957637,-0.32581039565515835,0.07000000000000008,1.367764403777463,0.020232077077528093,2015-06-22
IFF,,Strategy1,111,36,36,Neutral,ATR_3,True,False,25,0.3466666666666667,0.10666666666666667,0.3888888888888889,0.3333333333333333,0.19444444444444445,0.004117620867482574,-0.03552181825756573,-0.2520472070618939,0.05325851678829574,0.960199006275781,0.0195854524816652,2011-02-10
IFF,,Strategy2,132,37,37,Effective,OTM_10pct,True,False,25,0.24210526315789474,0.08421052631578947,0.1891891891891892,0.16216216216216217,0.08108108108108109,0.003616441940389681,-0.044170934041090515,-0.19919742446941469,0.1,1.0034267535973425,0.02094556859651265,2011-02-10
INCY,,Strategy1,67,26,27,Neutral,ATR_3,False,True,25,0.375,0.175,0.4230769230769231,0.38461538461538464,0.23076923076923078,-0.018093284660661624,-0.0655272434013599,-0.30054769895056654,0.08987370997517595,1.7257982360274549,0.04132872687044468,2016-10-19
INCY,,Strategy2,78,19,19,Insufficient Data,ATR_3,False,True,25,0.3220338983050847,0.1694915254237288,0.3157894736842105,0.2631578947368421,0.15789473684210525,0.03381359732728639,-0.05836905299238537,-0.1901925875134537,0.09052528847621107,1.4120095352550126,0.04566664362016582,2016-10-19
INTC,,Strategy1,107,30,30,Not Effective,ATR_3,True,True,25,0.3116883116883117,0.14285714285714285,0.5333333333333333,0.5,0.3,-0.0013915533089058352,-0.06293789638701142,-0.4610983796920177,0.07554347949286828,0.5866172973598752,0.028000225956037402,2012-09-07
INTC,,Strategy2,109,32,32,Neutral,ATR_3,False,True,25,0.33766233766233766,0.18181818181818182,0.34375,0.34375,0.21875,0.015896987707961996,-0.03249166165687317,-0.3139853379977947,0.07580712020896334,0.5733172438677454,0.03076116709617166,2012-09-07
INTU,,Strategy1,84,25,25,Neutral,OTM_10pct,True,False,25,0.3050847457627119,0.13559322033898305,0.16,0.12,0.04,-0.010850022110629465,-0.0556164778183833,-0.18854164728745126,0.10000000000000003,3.542645811223659,0.030232629675425483,2016-08-09
INTU,,Strategy2,70,22,22,Effective,OTM_7pct,True,False,25,0.3333333333333333,0.125,0.3181818181818182,0.22727272727272727,0.13636363636363635,0.00893978731381384,-0.04919257886543971,-0.16097097380881653,0.07000000000000006,3.8656541289115434,0.029503581851300073,2016-08-09
INVH,,Strategy1,17,2,2,Insufficient Data,OTM_7pct,True,False,25,0.3333333333333333,0.06666666666666667,0.5,0.5,0.5,-0.0038549292441439342,-0.05689723593659718,-0.07717475204986679,0.07000000000000003,0.5796176044880843,0.018731690715529183,2023-10-11
INVH,,Strategy2,25,11,11,Insufficient Data,ATR_2,True,False,25,0.2857142857142857,0.07142857142857142,0.45454545454545453,0.45454545454545453,0.18181818181818182,0.0031718745496995826,-0.034602097819484756,-0.12927876808600136,0.04131253718323304,0.6511800820486887,0.020536543815643505,2023-10-11
IP,,Strategy1,128,45,46,Neutral,OTM_10pct,True,False,25,0.18292682926829268,0.12195121951219512,0.3333333333333333,0.24444444444444444,0.17777777777777778,-0.03117508204888053,-0.07433968627525933,-0.2660221842675228,0.09999999999999998,0.634986214073641,0.021902755745056554,2007-04-04
IP,,Strategy2,143,44,44,Effective,OTM_10pct,True,False,25,0.1717171717171717,0.10101010101010101,0.29545454545454547,0.25,0.13636363636363635,0.0026292981100281,-0.06433715204659485,-0.21212669518567406,0.1,0.5928312207792666,0.021785929128773255,2007-04-04
IQV,,Strategy1,27,7,7,Insufficient Data,OTM_7pct,True,False,25,0.35,0.15,0.42857142857142855,0.2857142857142857,0.14285714285714285,0.016929414660856956,-0.053016536491961475,-0.35260331335146566,0.07000000000000008,3.199735358909324,0.020634426910801924,2022-08-26
IQV,,Strategy2,25,12,12,Insufficient Data,ATR_3,True,False,25,0.3076923076923077,0.0,0.3333333333333333,0.3333333333333333,0.25,0.05906602366217817,-0.02429754227466019,-0.24621401400666487,0.0777851417456996,4.358285555158343,0.024121490587471258,2022-08-26
IR,,Strategy1,20,5,5,Insufficient Data,OTM_10pct,True,False,25,0.3333333333333333,0.13333333333333333,0.4,0.4,0.2,-0.03758703596770396,-0.08101291617959161,-0.159859508893623,0.09999999999999995,1.4471893310546873,0.025166134827442954,2023-11-09
IR,,Strategy2,23,5,5,Insufficient Data,OTM_10pct,False,True,25,0.16666666666666666,0.16666666666666666,0.0,0.0,0.0,0.02621205349255229,-0.030020440669616733,-0.05902070801014547,0.09999999999999995,1.4632018012289676,0.028262766746386885,2023-11-09
IRM,,Strategy1,67,21,21,Not Effective,ATR_3,True,False,25,0.34782608695652173,0.10869565217391304,0.5714285714285714,0.42857142857142855,0.23809523809523808,-0.015827793529119005,-0.059347179665332206,-0.383577671602654,0.06327519610955794,0.7251466967657941,0.02111451794325944,2017-06-23
IRM,,Strategy2,81,21,21,Effective,OTM_10pct,True,False,25,0.21666666666666667,0.11666666666666667,0.2857142857142857,0.14285714285714285,0.14285714285714285,0.022861832353464395,-0.038153406639744536,-0.22138363624473667,0.09999999999999998,0.6909220529822024,0.02379332483919889,2017-06-23
ISRG,,Strategy1,69,20,20,Effective,ATR_3,True,True,25,0.30612244897959184,0.12244897959183673,0.15,0.15,0.1,0.05781428334290817,-0.0162456027470948,-0.1395229405915711,0.07598326571382699,2.829360207662326,0.028398735555305494,2018-10-16
ISRG,,Strategy2,57,13,13,Insufficient Data,ATR_3,False,False,25,0.36363636363636365,0.18181818181818182,0.5384615384615384,0.5384615384615384,0.46153846153846156,-0.07923766705028856,-0.09958330790201819,-0.37782510838777617,0.0765988472350102,2.9435865559374776,0.03082653633218671,2018-10-16
IT,,Strategy1,85,26,27,Effective,ATR_3,True,True,25,0.3103448275862069,0.13793103448275862,0.3076923076923077,0.2692307692307692,0.11538461538461539,0.032337177641444614,-0.025780787625958868,-0.44796130663460776,0.06243406965954818,2.207653593415974,0.02645509240082515,2016-10-10
IT,,Strategy2,72,19,19,Insufficient Data,OTM_7pct,True,False,25,0.24528301886792453,0.09433962264150944,0.3157894736842105,0.2631578947368421,0.10526315789473684,0.012412268244499813,-0.043267222580265274,-0.22537403536195966,0.07000000000000006,2.283252567998947,0.027999004860538777,2016-10-10
ITA,,Strategy1,52,13,13,Insufficient Data,OTM_5pct,True,False,25,0.28205128205128205,0.1282051282051282,0.23076923076923078,0.23076923076923078,0.15384615384615385,0.02755942736342587,-0.028227920820768193,-0.15542914089441018,0.050000000000000044,0.9641345909663607,0.012098334468695836,2020-07-22
ITA,,Strategy2,51,17,17,Insufficient Data,ATR_2.5,True,True,25,0.3235294117647059,0.08823529411764706,0.47058823529411764,0.4117647058823529,0.17647058823529413,0.022931479037546554,-0.042500468815272696,-0.13239545739561176,0.04324016687408627,1.191015526694076,0.01476926780292036,2020-07-22
ITW,,Strategy1,116,34,34,Effective,OTM_7pct,True,False,25,0.3048780487804878,0.13414634146341464,0.17647058823529413,0.17647058823529413,0.14705882352941177,0.00591016420817303,-0.03538035226772279,-0.28323388491495227,0.07000000000000008,1.0246820736107567,0.0176087623373575,2010-08-02
ITW,,Strategy2,127,44,44,Effective,OTM_10pct,False,True,25,0.20481927710843373,0.1566265060240964,0.11363636363636363,0.11363636363636363,0.045454545454545456,0.0007286436177612599,-0.04562418073838581,-0.16131358574671562,0.09999999999999999,1.099866964819729,0.01944784311782001,2010-08-02
IVZ,,Strategy1,75,22,22,Not Effective,OTM_10pct,True,True,25,0.16981132075471697,0.09433962264150944,0.5,0.4090909090909091,0.2727272727272727,-0.0021145887159430554,-0.08273285875773079,-0.22297297224732593,0.09999999999999999,0.6185166858491442,0.026071954865202578,2017-05-08
IVZ,,Strategy2,63,20,20,Neutral,OTM_10pct,True,True,25,0.27906976744186046,0.09302325581395349,0.3,0.25,0.25,0.01709104589783972,-0.050295201032767356,-0.506458551455965,0.09999999999999992,0.6118707873113031,0.02707055897245288,2017-05-08
IWM,,Strategy1,61,20,21,Neutral,ATR_3,True,True,25,0.325,0.15,0.45,0.35,0.2,0.01021656362213108,-0.05050673866866101,-0.12834646673556382,0.050638862787532865,1.962365483232628,0.015333340506039468,2018-10-10
IWM,,Strategy2,58,14,15,Insufficient Data,OTM_5pct,True,True,25,0.27906976744186046,0.13953488372093023,0.2857142857142857,0.2857142857142857,0.14285714285714285,0.021153588170045645,-0.02404513454084356,-0.33527905843210104,0.05000000000000008,2.0337685693073744,0.01731477450992126,2018-10-10
J,,Strategy1,103,40,40,Neutral,OTM_10pct,True,False,25,0.2222222222222222,0.09523809523809523,0.15,0.05,0.025,-0.007562656517100863,-0.0530051478333291,-0.1527156506212104,0.10000000000000002,0.8852965822662958,0.024273674173869,2012-09-07
J,,Strategy2,111,34,34,Effective,OTM_10pct,True,False,25,0.2857142857142857,0.1038961038961039,0.17647058823529413,0.08823529411764706,0.08823529411764706,0.03111756145982658,-0.03321375933324966,-0.18358188269698728,0.10000000000000005,0.6663073453778927,0.02415797195531419,2012-09-07
JBHT,,Strategy1,79,22,22,Neutral,ATR_3,True,True,25,0.2982456140350877,0.12280701754385964,0.4090909090909091,0.36363636363636365,0.18181818181818182,-0.028466297749404346,-0.06552463895691107,-0.18709451968146118,0.0738141621536212,1.4724259702034068,0.02853041575599438,2013-10-21
JBHT,,Strategy2,98,36,36,Effective,OTM_7pct,True,False,25,0.27419354838709675,0.14516129032258066,0.2222222222222222,0.16666666666666666,0.1111111111111111,0.01189616155479778,-0.0496678564853944,-0.3347764559770522,0.07000000000000005,1.3477095410705657,0.027858021551380795,2013-10-21
JBL,,Strategy1,79,23,23,Neutral,ATR_3,False,True,25,0.3392857142857143,0.17857142857142858,0.43478260869565216,0.34782608695652173,0.13043478260869565,0.014542117114511921,-0.06074921660625443,-0.205731794239833,0.07766004347195687,1.3360321983075272,0.03409201988202798,2016-08-24
JBL,,Strategy2,81,25,25,Effective,ATR_3,True,False,25,0.30357142857142855,0.14285714285714285,0.32,0.32,0.04,0.047874186459446744,-0.06509710535291369,-0.12469885141880999,0.08105152496610674,1.2362364234116971,0.0356384250010768,2016-08-24
JCI,,Strategy1,100,30,31,Effective,OTM_10pct,True,True,25,0.18840579710144928,0.10144927536231885,0.1,0.03333333333333333,0.03333333333333333,0.02718047719130523,-0.03592131287927419,-0.11861785640561484,0.1,0.9699991362435476,0.020867730452720987,2014-12-16
JCI,,Strategy2,86,20,21,Effective,OTM_7pct,True,True,25,0.3230769230769231,0.09230769230769231,0.25,0.2,0.15,0.019540650727738362,-0.036112713255840145,-0.29709788413771754,0.07000000000000008,1.2287833928269805,0.023046729675136716,2014-12-16
JKHY,,Strategy1,77,27,27,Neutral,ATR_3,True,True,25,0.24,0.12,0.3333333333333333,0.25925925925925924,0.18518518518518517,-0.005283398283739027,-0.03613863283927665,-0.12165005282987607,0.050120891019787846,1.1040640869255631,0.02589235619683678,2014-05-29
JKHY,,Strategy2,96,29,29,Effective,OTM_10pct,True,False,25,0.2835820895522388,0.11940298507462686,0.13793103448275862,0.06896551724137931,0.06896551724137931,0.010843283344512678,-0.0368157563358833,-0.14254482331672325,0.09999999999999999,1.0751499605054655,0.030358556449916363,2014-05-29
JNJ,,Strategy1,143,43,43,Effective,OTM_5pct,True,False,25,0.32,0.13,0.27906976744186046,0.27906976744186046,0.13953488372093023,0.0,-0.037037024891317105,-0.15752812678086292,0.05000000000000006,0.7230365233017609,0.016322296375178073,2007-04-04
JNJ,,Strategy2,148,46,46,Neutral,ATR_3,True,True,25,0.3235294117647059,0.14705882352941177,0.4782608695652174,0.43478260869565216,0.21739130434782608,-0.0041701120417629856,-0.03559600144967512,-0.27603951158297146,0.03919525312661941,0.73218011363449,0.017190268479502165,2007-04-04
JPM,,Strategy1,107,36,36,Effective,OTM_10pct,True,False,25,0.23943661971830985,0.1267605633802817,0.08333333333333333,0.05555555555555555,0.027777777777777776,0.011583216575549726,-0.04349553692324298,-0.1260672833920291,0.10000000000000002,1.255975974736131,0.021010492826261447,2012-09-07
JPM,,Strategy2,95,36,36,Effective,OTM_10pct,True,True,25,0.23728813559322035,0.11864406779661017,0.1111111111111111,0.08333333333333333,0.08333333333333333,0.026854378642122256,-0.02505346795716612,-0.3755787307235551,0.10000000000000002,1.2785077467896884,0.022205426700911513,2012-09-07
KDP,,Strategy1,36,10,10,Insufficient Data,OTM_7pct,True,True,25,0.15384615384615385,0.11538461538461539,0.2,0.2,0.1,-0.0285398950801235,-0.059307097395392194,-0.26676092800203743,0.07000000000000005,0.7904166494097028,0.018711352168135728,2021-02-26
KDP,,Strategy2,50,17,18,Insufficient Data,OTM_5pct,True,False,25,0.34375,0.125,0.47058823529411764,0.4117647058823529,0.29411764705882354,-0.018181800448205276,-0.037553332504192904,-0.1929720397928113,0.05000000000000007,0.8068142400469097,0.019475014787350454,2021-02-26
KEY,,Strategy1,86,26,26,Neutral,OTM_10pct,True,False,25,0.2,0.08333333333333333,0.19230769230769232,0.19230769230769232,0.038461538461538464,-0.0012356408319403878,-0.0499523075085066,-0.1499785003207329,0.09999999999999996,0.41566537147344546,0.023523444563292074,2014-12-30
KEY,,Strategy2,96,22,23,Effective,OTM_7pct,True,True,25,0.3424657534246575,0.1232876712328767,0.2727272727272727,0.22727272727272727,0.13636363636363635,0.054097257836544066,-0.05339790253473925,-0.20561686417545,0.07000000000000006,0.3806670247798873,0.022820900864457937,2014-12-30
KEYS,,Strategy1,30,8,8,Insufficient Data,OTM_10pct,True,False,25,0.22727272727272727,0.045454545454545456,0.375,0.25,0.0,-0.005018761373798086,-0.07167673222215826,-0.11674469646564245,0.09999999999999996,2.3219934599740166,0.02135195713103939,2023-02-03
KEYS,,Strategy2,21,7,7,Insufficient Data,ATR_2.5,True,True,25,0.21428571428571427,0.07142857142857142,0.5714285714285714,0.2857142857142857,0.0,0.04261253356558359,-0.07219868917429062,-0.10513207777491151,0.0531600298907533,2.5382688353661775,0.022621724826979002,2023-02-03
KHC,,Strategy1,16,3,3,Insufficient Data,OTM_5pct,True,True,25,0.3076923076923077,0.07692307692307693,0.6666666666666666,0.6666666666666666,0.6666666666666666,-0.0776598477103374,-0.10535851882705616,-0.12968796584792108,0.050000000000000024,0.8644688214574541,0.01767892840671159,2023-04-21
KHC,,Strategy2,21,5,5,Insufficient Data,OTM_10pct,True,True,25,0.1875,0.125,0.0,0.0,0.0,-0.020970625992815517,-0.0661577671261524,-0.09284093019741668,0.09999999999999995,1.0318537147677678,0.018751464093015275,2023-04-21
KIM,,Strategy1,69,23,23,Effective,ATR_3,True,True,25,0.2391304347826087,0.13043478260869565,0.21739130434782608,0.21739130434782608,0.0,0.015262516044494134,-0.05098762457562156,-0.0914387744066466,0.06409710189414801,0.41930900597424253,0.019240994131710865,2016-03-21
KIM,,Strategy2,81,31,31,Effective,OTM_10pct,True,True,25,0.22,0.1,0.0967741935483871,0.0967741935483871,0.06451612903225806,0.012682937994235921,-0.037860527877093375,-0.14056869545064876,0.1,0.4203962934921238,0.019851301815569367,2016-03-21
KKR,,Strategy1,29,9,9,Insufficient Data,ATR_3,True,False,25,0.3,0.05,0.1111111111111111,0.1111111111111111,0.0,0.03882773647384674,-0.06065009614302996,-0.16666666666666663,0.0866533494164093,1.186354712312445,0.02481778340700521,2021-10-22
KKR,,Strategy2,38,12,12,Insufficient Data,ATR_3,True,True,25,0.3076923076923077,0.038461538461538464,0.25,0.25,0.16666666666666666,0.05827047785988504,-0.03645473917401648,-0.19998617152498654,0.08931598309072154,1.0484587196120643,0.024994650940537422,2021-10-22
KLAC,,Strategy1,93,33,33,Neutral,OTM_10pct,True,False,25,0.35,0.15,0.36363636363636365,0.3333333333333333,0.15151515151515152,0.01946003876391833,-0.06432637593633472,-0.20799760358534825,0.1,0.3480008032098527,0.033269527122286036,2012-11-09
KLAC,,Strategy2,116,36,36,Effective,ATR_3,True,True,25,0.3,0.1375,0.3333333333333333,0.2222222222222222,0.1111111111111111,0.03291697161850615,-0.06459922599081303,-0.22555137618454413,0.0807836506772382,0.3321690183486147,0.037059893878660315,2012-11-09
KMB,,Strategy1,105,27,27,Not Effective,ATR_3,True,True,25,0.34615384615384615,0.1282051282051282,0.37037037037037035,0.2962962962962963,0.25925925925925924,0.011221396449466514,-0.03211901356296465,-0.12965142680388386,0.04310792965618316,0.9173955615685909,0.01614180753013632,2012-09-07
KMB,,Strategy2,101,28,28,Neutral,OTM_7pct,True,False,25,0.2328767123287671,0.1095890410958904,0.21428571428571427,0.21428571428571427,0.14285714285714285,-0.004821567583009279,-0.040720065411217254,-0.23450466566827288,0.07000000000000006,1.0051875879943284,0.017330039170138097,2012-09-07
KMI,,Strategy1,30,11,11,Insufficient Data,ATR_2.5,True,False,25,0.3157894736842105,0.10526315789473684,0.2727272727272727,0.2727272727272727,0.0,0.008903133927324003,-0.031339001536950795,-0.16961496366940798,0.04841731640441757,0.48166672388712567,0.019461057755044035,2021-12-27
KMI,,Strategy2,44,12,13,Insufficient Data,ATR_3,True,True,25,0.2903225806451613,0.0967741935483871,0.16666666666666666,0.08333333333333333,0.0,0.010897678934328137,-0.03403631225978582,-0.10738252026611284,0.06327148872177074,0.4896915330515279,0.01958570345196722,2021-12-27
KO,,Strategy1,147,38,38,Neutral,ATR_2.5,True,False,25,0.3211009174311927,0.11926605504587157,0.39473684210526316,0.39473684210526316,0.18421052631578946,0.01887705048871402,-0.021936477739282867,-0.12531794533953589,0.032345492882459116,0.269489876708727,0.016396415731714152,2007-04-04
KO,,Strategy2,142,47,47,Effective,OTM_5pct,True,False,25,0.3473684210526316,0.1368421052631579,0.2127659574468085,0.1276595744680851,0.0425531914893617,0.001826949211496176,-0.03045015616522251,-0.15294122216166461,0.05000000000000004,0.31749576337680474,0.01713516884348774,2007-04-04
KR,,Strategy1,137,41,41,Effective,OTM_10pct,True,False,25,0.15625,0.09375,0.1951219512195122,0.14634146341463414,0.07317073170731707,0.003497868409991778,-0.0503479135027165,-0.18615914296818958,0.10000000000000002,0.2639907270172714,0.022452365688776937,2007-04-04
KR,,Strategy2,138,50,51,Effective,OTM_7pct,True,True,25,0.3218390804597701,0.14942528735632185,0.26,0.24,0.14,0.020961717045244077,-0.04359494987003637,-0.29094210847720214,0.07000000000000005,0.3163534063483372,0.021489934635420264,2007-04-04
KVUE,,Strategy1,7,1,1,Insufficient Data,OTM_10pct,True,True,25,0.0,0.0,0.0,0.0,0.0,0.002840865680502347,-0.0005681948105162871,-0.0005681948105162871,0.09999999999999994,0.48851026807512554,0.02321496262795108,2025-09-02
KVUE,,Strategy2,10,4,4,Insufficient Data,TECH_X,True,,25,0.3333333333333333,0.0,0.25,0.25,0.0,0.07723757753047888,-0.019114383451488193,-0.046078902659817955,0.032888694569433066,0.42766426631382537,0.021351506439898936,2025-09-02
L,,Strategy1,89,30,30,Effective,OTM_7pct,True,False,25,0.3050847457627119,0.13559322033898305,0.2,0.13333333333333333,0.1,0.00503625174105915,-0.030190995857777292,-0.47146032354232403,0.07000000000000005,0.5004108986349396,0.015919574064455527,2012-09-07
L,,Strategy2,97,36,36,Effective,OTM_7pct,True,False,25,0.22950819672131148,0.13114754098360656,0.1388888888888889,0.08333333333333333,0.027777777777777776,0.010089823368507278,-0.025535952467889977,-0.16887867494781483,0.07000000000000006,0.5871447765423375,0.017394360853929456,2012-09-07
LDOS,,Strategy1,45,17,17,Insufficient Data,OTM_10pct,True,False,25,0.21428571428571427,0.10714285714285714,0.29411764705882354,0.23529411764705882,0.23529411764705882,-0.011000580961742945,-0.04010070576117686,-0.21321882531476966,0.09999999999999998,1.9509695113651335,0.02095121607050461,2020-09-09
LDOS,,Strategy2,46,13,13,Insufficient Data,OTM_7pct,True,False,25,0.2727272727272727,0.06060606060606061,0.3076923076923077,0.3076923076923077,0.23076923076923078,-0.002458994544279336,-0.04646245024579221,-0.16778956069626316,0.07000000000000006,1.5311516945406516,0.021216566824408947,2020-09-09
LEN,,Strategy1,98,31,31,Neutral,OTM_10pct,False,True,25,0.3283582089552239,0.19402985074626866,0.1935483870967742,0.16129032258064516,0.06451612903225806,-0.012758042661169311,-0.05518396105704548,-0.18141362506845726,0.1,0.9529534955413974,0.02928932836435489,2012-09-07
LEN,,Strategy2,118,36,36,Neutral,ATR_3,False,True,25,0.3780487804878049,0.14634146341463414,0.3611111111111111,0.3055555555555556,0.19444444444444445,0.022646532364351546,-0.06294899524035225,-0.17406231886305557,0.08155497515791028,0.9423445302262435,0.03121066183497926,2012-09-07
LH,,Strategy1,94,34,34,Effective,OTM_7pct,True,True,25,0.3333333333333333,0.15,0.2647058823529412,0.20588235294117646,0.14705882352941177,0.019681506356470257,-0.03434318818471355,-0.1524398290669403,0.07000000000000006,2.072688582095694,0.02230170723182612,2015-09-18
LH,,Strategy2,71,20,20,Neutral,ATR_2.5,True,True,25,0.2549019607843137,0.13725490196078433,0.5,0.45,0.25,0.016548818325974768,-0.04305627978818449,-0.20085697388128587,0.04647422826649209,1.6716810498439094,0.022830072508539266,2015-09-18
LHX,,Strategy1,104,22,22,Effective,OTM_10pct,True,True,25,0.21951219512195122,0.13414634146341464,0.18181818181818182,0.18181818181818182,0.13636363636363635,0.02351474515950691,-0.02276988439887878,-0.17753579213489434,0.09999999999999999,0.9837128542936764,0.02205839693842315,2013-03-27
LHX,,Strategy2,100,29,29,Effective,OTM_10pct,True,False,25,0.23943661971830985,0.14084507042253522,0.20689655172413793,0.10344827586206896,0.0,0.015745890074671864,-0.04856517006834604,-0.129651122227042,0.09999999999999999,1.1325880224364144,0.023152150455979053,2013-03-27
LII,,Strategy1,66,21,21,Effective,ATR_3,True,True,25,0.3111111111111111,0.13333333333333333,0.23809523809523808,0.14285714285714285,0.09523809523809523,0.044201423366527326,-0.05082055776158134,-0.27576311405438536,0.07847450501420779,4.289527677354358,0.023393792331032705,2018-07-12
LII,,Strategy2,67,16,16,Insufficient Data,OTM_10pct,True,True,25,0.21568627450980393,0.09803921568627451,0.1875,0.125,0.0625,0.0556808947037587,-0.03845828553289532,-0.15251805692234277,0.09999999999999995,3.2137556015047184,0.026291888332987297,2018-07-12
LIN,,Strategy1,86,27,27,Effective,OTM_7pct,True,False,25,0.288135593220339,0.11864406779661017,0.14814814814814814,0.14814814814814814,0.037037037037037035,0.008291060763417013,-0.034075614676427946,-0.11253107887651126,0.07000000000000006,2.070569588100396,0.018868433503393404,2016-05-20
LIN,,Strategy2,90,25,25,Effective,ATR_3,True,False,25,0.27692307692307694,0.1076923076923077,0.12,0.08,0.04,0.03723784719526502,-0.02749231402865593,-0.11545703903850901,0.05476233290719329,2.2737387293861024,0.02135584983334639,2016-05-20
LLY,,Strategy1,107,32,32,Effective,OTM_10pct,True,False,25,0.2,0.05333333333333334,0.15625,0.15625,0.0625,0.010218582694826783,-0.03294385733005373,-0.18520837633506682,0.1,1.8612393919075123,0.019209527753580896,2010-05-07
LLY,,Strategy2,127,41,42,Effective,OTM_10pct,True,False,25,0.17647058823529413,0.08235294117647059,0.1951219512195122,0.14634146341463414,0.0975609756097561,0.021213407147807395,-0.03536978220088505,-0.2215982321313209,0.10000000000000002,3.2495276651715,0.021567860674322686,2010-05-07
LMT,,Strategy1,125,36,36,Effective,OTM_10pct,True,True,25,0.25842696629213485,0.0898876404494382,0.1388888888888889,0.1111111111111111,0.08333333333333333,0.02194081327351305,-0.02366690616636663,-0.1743148937169734,0.10000000000000003,1.5060608193874356,0.0222743418491754,2007-04-04
LMT,,Strategy2,150,49,49,Neutral,OTM_10pct,True,False,25,0.2079207920792079,0.07920792079207921,0.10204081632653061,0.04081632653061224,0.02040816326530612,-0.0038818914659359827,-0.040107409028224184,-0.21285396983004068,0.09999999999999994,1.6853231131037072,0.0223162654514825,2007-04-04
LNT,,Strategy1,103,37,37,Effective,ATR_2.5,True,True,25,0.3181818181818182,0.10606060606060606,0.2702702702702703,0.16216216216216217,0.05405405405405406,0.02697031707084463,-0.028094673146763394,-0.09431518912446535,0.03981079278258798,0.40085106815279936,0.01626744010599549,2010-07-26
LNT,,Strategy2,125,45,45,Effective,OTM_5pct,True,False,25,0.325,0.1125,0.24444444444444444,0.2,0.044444444444444446,0.009112771332313807,-0.027552643309719405,-0.1084122813969024,0.05000000000000003,0.3918207345690047,0.016735289088664715,2010-07-26
LOW,,Strategy1,102,34,35,Effective,OTM_10pct,False,False,25,0.3283582089552239,0.16417910447761194,0.14705882352941177,0.08823529411764706,0.08823529411764706,0.014714472748474372,-0.039309286843141944,-0.1558457855863744,0.10000000000000002,1.1105632177170586,0.023503837229090205,2012-09-07
LOW,,Strategy2,106,38,38,Effective,OTM_10pct,False,False,25,0.36764705882352944,0.11764705882352941,0.07894736842105263,0.05263157894736842,0.05263157894736842,0.03821778154535205,-0.027967900256141875,-0.27221497195742694,0.10000000000000002,1.2024592178851126,0.0261824087344948,2012-09-07
LRCX,,Strategy1,103,34,34,Neutral,ATR_3,False,False,25,0.3188405797101449,0.17391304347826086,0.38235294117647056,0.2647058823529412,0.08823529411764706,0.021408322543617242,-0.06911109906972723,-0.4470121673726377,0.08019345498822701,0.5394076196303728,0.03591262250970949,2013-12-09
LRCX,,Strategy2,90,16,16,Insufficient Data,ATR_3,False,True,25,0.40540540540540543,0.22972972972972974,0.1875,0.1875,0.0625,0.07591470453047322,-0.03990911808452158,-0.13196302870812504,0.08539673848661375,0.3193165697630436,0.04072156926820881,2013-12-09
LULU,,Strategy1,42,10,14,Insufficient Data,X_CLOSE,False,,25,0.65,0.2,0.9,0.7,0.3,0.007541833018185451,-0.049910380504766316,-0.24114138879113256,0.026270193801824625,5.077873812240807,0.032353179692876516,2020-12-02
LULU,,Strategy2,42,12,13,Insufficient Data,OTM_10pct,True,True,25,0.2413793103448276,0.13793103448275862,0.25,0.25,0.16666666666666666,-0.032046661428228485,-0.0894510948585282,-0.21884428572250625,0.09999999999999998,4.528724319675341,0.034299339577165674,2020-12-02
LUV,,Strategy1,85,25,25,Neutral,OTM_10pct,True,False,25,0.35,0.1,0.4,0.36,0.2,-0.04377280506569514,-0.07885555620775431,-0.3794004888902096,0.1,0.5112048854597476,0.027586621343207524,2012-08-16
LUV,,Strategy2,102,25,26,Not Effective,OTM_10pct,True,False,25,0.32894736842105265,0.11842105263157894,0.56,0.48,0.24,-0.03862071859425509,-0.1096919603394737,-0.22024267699757216,0.1,0.43727809151097163,0.029043526849364686,2012-08-16
LVS,,Strategy1,54,11,11,Insufficient Data,OTM_10pct,False,False,25,0.3953488372093023,0.13953488372093023,0.45454545454545453,0.45454545454545453,0.2727272727272727,-0.055962556657648266,-0.0923891121676268,-0.28071788109976337,0.09999999999999995,1.526322818937756,0.030789363967599903,2020-02-21
LVS,,Strategy2,47,17,17,Insufficient Data,OTM_10pct,False,False,25,0.36666666666666664,0.13333333333333333,0.47058823529411764,0.35294117647058826,0.17647058823529413,-0.02962426610489921,-0.09980898580424957,-0.19139110300986162,0.09999999999999998,1.6126291092405929,0.03286916865246426,2020-02-21
LW,,Strategy1,26,7,8,Insufficient Data,OTM_10pct,True,True,25,0.16666666666666666,0.05555555555555555,0.2857142857142857,0.14285714285714285,0.14285714285714285,0.022888861762152768,-0.06981940167420542,-0.11003753405516592,0.09999999999999998,1.669032977177547,0.02408590948792662,2023-09-19
LW,,Strategy2,20,6,6,Insufficient Data,OTM_5pct,True,False,25,0.2857142857142857,0.07142857142857142,0.8333333333333334,0.8333333333333334,0.3333333333333333,-0.01940888348617331,-0.138703936028711,-0.30570035197589385,0.05000000000000007,1.9140859331403466,0.02658867245365349,2023-09-19
LYB,,Strategy1,34,9,10,Insufficient Data,OTM_7pct,True,False,25,0.20833333333333334,0.125,0.2222222222222222,0.2222222222222222,0.2222222222222222,0.0011964402001716223,-0.044029674857083534,-0.162236999233343,0.0700000000000001,1.8266175414333825,0.025142795047801755,2021-09-30
LYB,,Strategy2,35,10,10,Insufficient Data,OTM_10pct,True,False,25,0.28,0.12,0.2,0.2,0.1,0.008085136605938348,-0.039919310280205955,-0.334591820923275,0.09999999999999995,1.9493060442866113,0.023588067887406427,2021-09-30
LYV,,Strategy1,48,14,14,Insufficient Data,OTM_10pct,True,False,25,0.17647058823529413,0.14705882352941177,0.14285714285714285,0.14285714285714285,0.07142857142857142,-0.008204243780161213,-0.030734492084433795,-0.1741566984227686,0.09999999999999996,1.255089248929705,0.028217893356759307,2020-06-12
LYV,,Strategy2,54,18,19,Insufficient Data,ATR_3,True,False,25,0.3142857142857143,0.05714285714285714,0.2777777777777778,0.2777777777777778,0.1111111111111111,0.0643735895974632,-0.040512775783996646,-0.20245735021682842,0.08859931507338763,1.5653308724600166,0.0304289993159313,2020-06-12
MA,,Strategy1,59,19,19,Insufficient Data,ATR_3,True,False,25,0.3333333333333333,0.07692307692307693,0.5263157894736842,0.47368421052631576,0.10526315789473684,-0.015117621253399105,-0.043587532317895694,-0.11283400676377242,0.055490517618942484,3.555024437985177,0.01990235285348482,2020-07-28
MA,,Strategy2,36,15,15,Insufficient Data,OTM_7pct,True,False,25,0.3333333333333333,0.14285714285714285,0.26666666666666666,0.2,0.13333333333333333,0.0016814396416380273,-0.04081769720631501,-0.17579488911951768,0.07000000000000008,4.777245196085128,0.02411931354378507,2020-07-28
MAA,,Strategy1,74,23,23,Effective,OTM_5pct,True,False,25,0.29411764705882354,0.09803921568627451,0.34782608695652173,0.30434782608695654,0.13043478260869565,0.007861620907588796,-0.0357947248709265,-0.09437444501603265,0.050000000000000024,1.4290177205354553,0.01726278149786339,2016-11-14
MAA,,Strategy2,67,16,16,Insufficient Data,OTM_5pct,True,False,25,0.3333333333333333,0.0784313725490196,0.3125,0.0625,0.0,0.0299726839191371,-0.04457808406820135,-0.07255827928535663,0.05000000000000005,1.2690898594317406,0.017997053366082268,2016-11-14
MAR,,Strategy1,65,18,19,Insufficient Data,ATR_3,True,False,25,0.2608695652173913,0.10869565217391304,0.5555555555555556,0.4444444444444444,0.2777777777777778,-0.014993107006719741,-0.05254018422739343,-0.18797450582120712,0.05840260901281502,1.90483493909731,0.02090708058278343,2018-02-13
MAR,,Strategy2,57,23,23,Neutral,OTM_10pct,True,True,25,0.17647058823529413,0.0,0.17391304347826086,0.17391304347826086,0.08695652173913043,-0.013030531349696894,-0.07245514301210854,-0.33502540243883794,0.09999999999999998,2.20468196653782,0.023750111538131936,2018-02-13
MAS,,Strategy1,94,33,33,Neutral,OTM_7pct,True,False,25,0.3442622950819672,0.13114754098360656,0.36363636363636365,0.3333333333333333,0.15151515151515152,0.009492874937831353,-0.04607192258853254,-0.1738775603625239,0.07000000000000006,0.5791846370624554,0.023664276975634658,2012-09-07
MAS,,Strategy2,107,31,31,Effective,OTM_10pct,True,False,25,0.2894736842105263,0.11842105263157894,0.25806451612903225,0.22580645161290322,0.12903225806451613,0.03144655701032306,-0.063765798541909,-0.18266249543215574,0.10000000000000002,0.5548175149988906,0.025695737496287528,2012-09-07
MCD,,Strategy1,150,41,41,Effective,ATR_3,True,True,25,0.3486238532110092,0.14678899082568808,0.2682926829268293,0.1951219512195122,0.07317073170731707,0.010297842542055236,-0.018083700917356782,-0.1764442298115655,0.039092817726218594,0.7972363863814445,0.019794277115714375,2008-08-08
MCD,,Strategy2,137,40,40,Neutral,ATR_3,True,False,25,0.32989690721649484,0.13402061855670103,0.3,0.25,0.175,0.0027774234495402395,-0.03492322546914178,-0.11884026638240708,0.0442205962881042,0.9575645133728654,0.02048764611487378,2008-08-08
MCHP,,Strategy1,61,16,16,Insufficient Data,OTM_10pct,False,False,25,0.28888888888888886,0.15555555555555556,0.3125,0.25,0.125,0.0036283268633493515,-0.07577236268242071,-0.23705754357501896,0.09999999999999995,0.7453789842212509,0.03298832680236475,2016-08-11
MCHP,,Strategy2,96,25,25,Neutral,OTM_10pct,True,True,25,0.28169014084507044,0.1267605633802817,0.4,0.28,0.16,-0.005629301866247882,-0.06438302634695925,-0.43025613017346787,0.09999999999999998,0.7576268003987418,0.034433639778192214,2016-08-11
MCK,,Strategy1,74,21,21,Effective,ATR_3,True,True,25,0.2830188679245283,0.11320754716981132,0.3333333333333333,0.09523809523809523,0.047619047619047616,0.008029576142776662,-0.06210993826855593,-0.17812622872740347,0.07068844228526656,3.566371853287156,0.021259154245690887,2017-02-09
MCK,,Strategy2,72,25,25,Effective,OTM_10pct,True,True,25,0.14893617021276595,0.0425531914893617,0.04,0.0,0.0,0.04289527529761905,-0.04014022582677912,-0.10431811778388811,0.09999999999999998,3.595614043493119,0.02395268247051657,2017-02-09
MCO,,Strategy1,85,22,22,Neutral,OTM_5pct,True,False,25,0.30158730158730157,0.09523809523809523,0.36363636363636365,0.3181818181818182,0.22727272727272727,0.0188944945962346,-0.025638043778368425,-0.2233595823342891,0.050000000000000044,2.07080846674302,0.02199684970443505,2017-02-07
MCO,,Strategy2,57,18,18,Insufficient Data,OTM_10pct,True,False,25,0.2564102564102564,0.05128205128205128,0.0,0.0,0.0,0.005376141087851116,-0.031581949227242556,-0.09871297283047487,0.09999999999999998,2.76377987204339,0.022922408690960745,2017-02-07
MDLZ,,Strategy1,52,18,18,Insufficient Data,OTM_7pct,True,False,25,0.2647058823529412,0.11764705882352941,0.2222222222222222,0.16666666666666666,0.1111111111111111,0.011899799701773794,-0.05277635008003656,-0.1013337393200372,0.07000000000000003,0.7309752820612311,0.0159651440350172,2019-02-05
MDLZ,,Strategy2,66,19,19,Insufficient Data,OTM_7pct,True,False,25,0.2765957446808511,0.1276595744680851,0.3157894736842105,0.2631578947368421,0.15789473684210525,-0.009199017024198453,-0.03489643707139689,-0.13778796898289225,0.07000000000000006,0.7298484096279392,0.0167245304018305,2019-02-05
MDT,,Strategy1,139,46,46,Neutral,ATR_3,True,True,25,0.3225806451612903,0.0967741935483871,0.391304347826087,0.34782608695652173,0.17391304347826086,0.0028961813183429053,-0.03670570240746063,-0.13456486673038714,0.047924195896342205,0.7136976770130116,0.020705496275739595,2010-08-16
MDT,,Strategy2,110,36,36,Effective,OTM_10pct,True,False,25,0.20270270270270271,0.0945945945945946,0.05555555555555555,0.05555555555555555,0.027777777777777776,0.012829083241409744,-0.026680643535201942,-0.13475613477753434,0.10000000000000002,0.7965334826959418,0.02113365937493813,2010-08-16
MET,,Strategy1,49,13,13,Insufficient Data,OTM_7pct,True,False,25,0.2777777777777778,0.1388888888888889,0.3076923076923077,0.3076923076923077,0.15384615384615385,-0.0194212462109552,-0.049613474400459934,-0.1259331955845443,0.07000000000000008,0.879463373745843,0.019990654323262406,2018-09-25
MET,,Strategy2,71,23,23,Effective,OTM_7pct,True,True,25,0.2916666666666667,0.125,0.17391304347826086,0.08695652173913043,0.08695652173913043,0.03762271152230201,-0.04025687825501112,-0.45745707416925274,0.07000000000000006,1.0571092724560252,0.02341859563221397,2018-09-25
META,,Strategy1,34,14,14,Insufficient Data,ATR_2.5,True,True,25,0.35,0.15,0.5,0.42857142857142855,0.21428571428571427,0.026249268780629942,-0.06516680477725711,-0.19942056977305644,0.06588694375811545,5.9146848646532595,0.02382903661177377,2022-05-13
META,,Strategy2,31,11,11,Insufficient Data,OTM_7pct,True,False,25,0.3,0.15,0.36363636363636365,0.2727272727272727,0.18181818181818182,0.021298627648363988,-0.049451404768534823,-0.2102796329233253,0.07000000000000005,7.727763909898045,0.027887114552888587,2022-05-13
MGM,,Strategy1,67,20,24,Not Effective,TECH_X,False,,25,0.5806451612903226,0.22580645161290322,0.8,0.75,0.4,-0.02231397836704596,-0.08593910282231693,-0.19724767832791668,0.04116053415317503,0.7620521781286959,0.030435198127577064,2015-02-23
MGM,,Strategy2,81,30,30,Neutral,OTM_10pct,False,True,25,0.37254901960784315,0.1568627450980392,0.3333333333333333,0.26666666666666666,0.2,0.030348786254333016,-0.0766116502549265,-0.545315356679452,0.10000000000000002,0.7059650341249227,0.032947675901481156,2015-02-23
MKC,,Strategy1,97,35,35,Effective,OTM_7pct,True,False,25,0.2786885245901639,0.13114754098360656,0.2571428571428571,0.2571428571428571,0.08571428571428572,0.004465880708187209,-0.027698102628066157,-0.1423548691348261,0.07000000000000008,0.4707504978104438,0.01911730701176266,2010-07-26
MKC,,Strategy2,118,40,40,Neutral,OTM_10pct,True,True,25,0.16666666666666666,0.0641025641025641,0.125,0.125,0.075,-0.002845087364718557,-0.049595093961424586,-0.18662149014377427,0.10000000000000002,0.46766252637125966,0.01959441405885904,2010-07-26
MLM,,Strategy1,69,25,25,Effective,OTM_10pct,True,True,25,0.13636363636363635,0.13636363636363635,0.2,0.08,0.08,0.030996697075040824,-0.025509660424936298,-0.13876592530099885,0.09999999999999998,4.536536984808943,0.022439650583268227,2016-11-18
MLM,,Strategy2,77,22,22,Neutral,ATR_3,True,False,25,0.3090909090909091,0.14545454545454545,0.36363636363636365,0.2727272727272727,0.18181818181818182,0.02886070979462385,-0.04478868260976154,-0.1687703888433678,0.07364636624930636,4.047416927641972,0.02423926618057607,2016-11-18
MMM,,Strategy1,128,38,38,Effective,OTM_7pct,True,True,25,0.25555555555555554,0.13333333333333333,0.15789473684210525,0.15789473684210525,0.10526315789473684,0.010365745044132013,-0.028382365251640507,-0.20387138814131223,0.07000000000000005,0.8709549039070095,0.017218672487846677,2007-04-04
MMM,,Strategy2,156,40,40,Effective,OTM_7pct,True,False,25,0.22413793103448276,0.10344827586206896,0.2,0.175,0.15,0.013163917145313508,-0.028354816394445093,-0.12144069579256345,0.07000000000000002,0.7717573032492683,0.01780494598849286,2007-04-04
MNST,,Strategy1,86,38,38,Neutral,ATR_3,True,False,25,0.2916666666666667,0.0625,0.3157894736842105,0.2894736842105263,0.15789473684210525,0.0010788615499370824,-0.03451039905563441,-0.1810840186043955,0.05968308339900461,0.4639540965865333,0.0322356948681098,2014-06-04
MNST,,Strategy2,81,21,22,Neutral,ATR_2.5,True,True,25,0.288135593220339,0.13559322033898305,0.2857142857142857,0.19047619047619047,0.19047619047619047,0.0286002166624737,-0.033444232488603176,-0.1750728406551384,0.05131760563922837,0.2753516911940462,0.0466890947329387,2014-06-04
MO,,Strategy1,142,46,46,Effective,OTM_10pct,True,True,25,0.125,0.0625,0.13043478260869565,0.08695652173913043,0.08695652173913043,0.017482040574087976,-0.0261486745574967,-0.724725777352343,0.09999999999999998,0.4940944385997787,0.01785364980092867,2007-04-04
MO,,Strategy2,146,48,48,Neutral,OTM_7pct,True,False,25,0.3163265306122449,0.14285714285714285,0.2916666666666667,0.2708333333333333,0.1875,0.018170742287821562,-0.028399498583646043,-0.7251605697198635,0.07000000000000009,0.47613412757457,0.018996652576318072,2007-04-04
MOH,,Strategy1,56,19,19,Insufficient Data,OTM_10pct,False,True,25,0.40540540540540543,0.24324324324324326,0.42105263157894735,0.3684210526315789,0.21052631578947367,-0.006150440401564539,-0.07877024340454863,-0.3478540903508919,0.09999999999999996,3.251547537287887,0.027202632411954402,2019-09-13
MOH,,Strategy2,51,12,12,Insufficient Data,OTM_10pct,False,False,25,0.4358974358974359,0.20512820512820512,0.16666666666666666,0.08333333333333333,0.0,0.025462974359563906,-0.06225832843523832,-0.21615325560080134,0.09999999999999999,2.672133372277439,0.03175875962754652,2019-09-13
MOS,,Strategy1,80,20,20,Neutral,OTM_10pct,False,False,25,0.36666666666666664,0.16666666666666666,0.25,0.25,0.05,-0.005202643255094064,-0.06489061158799986,-0.16143573538853595,0.09999999999999995,1.0333314695528573,0.029990103111973053,2015-01-23
MOS,,Strategy2,73,17,18,Insufficient Data,OTM_10pct,True,True,25,0.3090909090909091,0.14545454545454545,0.5882352941176471,0.47058823529411764,0.4117647058823529,-0.014003249510541438,-0.10807801958777896,-0.46956113790310294,0.09999999999999996,1.221577753526124,0.031140009711928367,2015-01-23
MPC,,Strategy1,39,8,9,Insufficient Data,ATR_2.5,True,False,25,0.3,0.06666666666666667,0.375,0.375,0.125,0.012559627471359414,-0.04966135613873174,-0.1290774884335658,0.06583681558093678,2.1119598381685245,0.027189227542634118,2022-02-03
MPC,,Strategy2,36,9,9,Insufficient Data,ATR_3,False,True,25,0.3333333333333333,0.18518518518518517,0.2222222222222222,0.0,0.0,0.026046946280357863,-0.05843852434165708,-0.0847811996534874,0.08242750362318417,2.0480259713672453,0.029346384107123757,2022-02-03
MPWR,,Strategy1,65,15,15,Insufficient Data,OTM_7pct,True,False,25,0.34,0.14,0.4666666666666667,0.4,0.2,-0.0019102527557081084,-0.0655729935435535,-0.1865829260003503,0.07000000000000006,6.317715337774256,0.03242325807726058,2020-02-13
MPWR,,Strategy2,53,15,16,Insufficient Data,ATR_3,False,True,25,0.2972972972972973,0.1891891891891892,0.3333333333333333,0.3333333333333333,0.13333333333333333,0.08855754753358003,-0.08899351302148473,-0.40100359499609495,0.12060178896645753,8.931186541071478,0.036612891684282695,2020-02-13
MRK,,Strategy1,143,32,32,Neutral,OTM_7pct,True,False,25,0.22522522522522523,0.12612612612612611,0.34375,0.3125,0.125,-0.0020673198820819194,-0.04434062990031673,-0.19082759259460247,0.07000000000000008,0.5898133029530455,0.018004458800419534,2007-04-04
MRK,,Strategy2,143,52,52,Effective,OTM_10pct,True,True,25,0.14285714285714285,0.06593406593406594,0.11538461538461539,0.11538461538461539,0.057692307692307696,0.006878206944707421,-0.038939684755979254,-0.3340844885481534,0.09999999999999995,0.6941896395071163,0.019813403180469057,2007-04-04
MRNA,,Strategy1,17,5,5,Insufficient Data,ATR_3,False,False,25,0.4166666666666667,0.25,0.6,0.4,0.2,-0.04946623765577218,-0.18007115292707077,-0.22936345336634523,0.15792582947936712,7.166836522206538,0.056011735359920996,2024-05-02
MRNA,,Strategy2,24,6,6,Insufficient Data,ATR_3,True,True,25,0.2222222222222222,0.1111111111111111,0.5,0.3333333333333333,0.16666666666666666,-0.0015004521982857622,-0.1495970675811213,-0.3226030617583404,0.17840779177774868,5.800386596293677,0.05758767344854468,2024-05-02
MRSH,,Strategy1,128,46,46,Effective,OTM_7pct,True,True,25,0.2926829268292683,0.14634146341463414,0.13043478260869565,0.10869565217391304,0.06521739130434782,0.01760623826622365,-0.025733483536538038,-0.15154172939637878,0.07000000000000006,0.710075331585748,0.01694084693628285,2010-07-26
MRSH,,Strategy2,110,39,39,Effective,OTM_10pct,True,True,25,0.18309859154929578,0.08450704225352113,0.02564102564102564,0.0,0.0,0.022727282869045018,-0.017048843238523625,-0.10331581517269739,0.10000000000000003,0.9160060659631508,0.017872202857479643,2010-07-26
MS,,Strategy1,92,25,25,Effective,OTM_10pct,True,False,25,0.23880597014925373,0.11940298507462686,0.12,0.08,0.04,0.03856811981634278,-0.04652478552882522,-0.19805435033387353,0.1,1.2838610551372078,0.024900604296844993,2016-08-03
MS,,Strategy2,70,25,25,Effective,OTM_7pct,True,True,25,0.3111111111111111,0.044444444444444446,0.2,0.08,0.04,0.058988736310353396,-0.035992367704920536,-0.1661224365234375,0.07000000000000006,1.4369356817128707,0.02800532680736726,2016-08-03
MSCI,,Strategy1,54,15,15,Insufficient Data,OTM_10pct,True,False,25,0.2564102564102564,0.10256410256410256,0.26666666666666666,0.2,0.06666666666666667,-0.020015789484907454,-0.05947373864669947,-0.18244866862440368,0.09999999999999995,5.234073829398584,0.02248914943272777,2021-01-06
MSCI,,Strategy2,53,18,18,Insufficient Data,OTM_5pct,True,False,25,0.3142857142857143,0.14285714285714285,0.5555555555555556,0.4444444444444444,0.2222222222222222,-0.00977653807341572,-0.05438426788849354,-0.18760959814623535,0.050000000000000065,5.660067028755127,0.023459173770340284,2021-01-06
MSFT,,Strategy1,87,30,30,Effective,OTM_10pct,True,True,25,0.15789473684210525,0.07017543859649122,0.0,0.0,0.0,0.027746592222800848,-0.02277735121347585,-0.08987682718437584,0.1,1.6121664506571343,0.022028211911416514,2014-07-01
MSFT,,Strategy2,76,28,28,Effective,ATR_3,True,True,25,0.2916666666666667,0.125,0.17857142857142858,0.14285714285714285,0.07142857142857142,0.06358678617264335,-0.0192488735265951,-0.21005360359862513,0.059778117025219776,2.1369206733665522,0.025145876209652668,2014-07-01
MSI,,Strategy1,147,44,45,Effective,OTM_10pct,True,True,25,0.27450980392156865,0.10784313725490197,0.13636363636363635,0.13636363636363635,0.06818181818181818,0.03028330485780728,-0.035910027606883166,-0.1582938480020899,0.09999999999999999,1.4605311929774123,0.02406140862350634,2007-04-04
MSI,,Strategy2,153,53,53,Effective,OTM_10pct,False,False,25,0.31,0.19,0.1320754716981132,0.11320754716981132,0.09433962264150944,0.009630728733819982,-0.04305184510184967,-0.25339929071263734,0.09999999999999995,1.4291751193287883,0.025901529462896197,2007-04-04
MTB,,Strategy1,90,20,20,Effective,OTM_5pct,True,True,25,0.2571428571428571,0.1,0.35,0.3,0.1,0.018102909337924578,-0.04062652503122982,-0.14348197223471226,0.050000000000000044,1.3034300381229034,0.014927599787272918,2012-09-07
MTB,,Strategy2,97,37,37,Neutral,ATR_2.5,True,True,25,0.31666666666666665,0.15,0.3783783783783784,0.2972972972972973,0.13513513513513514,0.009331421348536484,-0.029147229428531207,-0.201615741509943,0.049575376916946724,1.6438224614544363,0.01762437607367744,2012-09-07
MTCH,,Strategy1,71,24,24,Effective,OTM_10pct,False,True,25,0.3404255319148936,0.1702127659574468,0.25,0.25,0.125,0.08855379635146188,-0.04967716818451812,-0.1877233626753081,0.09999999999999999,0.8062337644143364,0.03267600338290358,2016-07-25
MTCH,,Strategy2,95,34,34,Neutral,ATR_2.5,True,False,25,0.32786885245901637,0.11475409836065574,0.35294117647058826,0.23529411764705882,0.11764705882352941,0.010037212636354043,-0.06358281910405106,-0.4199616908976247,0.08608429548725319,0.8643407882156231,0.03402297921341772,2016-07-25
MTD,,Strategy1,69,23,24,Not Effective,OTM_5pct,True,False,25,0.28888888888888886,0.1111111111111111,0.6086956521739131,0.5217391304347826,0.43478260869565216,-0.04155491344204787,-0.06177032558537343,-0.1478532757675438,0.050000000000000044,10.48664637381986,0.02128357324697065,2018-01-08
MTD,,Strategy2,63,17,17,Insufficient Data,ATR_3,True,True,25,0.32608695652173914,0.08695652173913043,0.4117647058823529,0.35294117647058826,0.11764705882352941,0.012004714984022113,-0.06491172963094993,-0.18097613464402384,0.07278759309928087,10.499279917502891,0.022920730140180468,2018-01-08
MU,,Strategy1,109,32,32,Neutral,ATR_3,False,False,25,0.37662337662337664,0.24675324675324675,0.4375,0.34375,0.15625,0.004699805918668143,-0.08295125705580497,-0.2639369475655662,0.10235531654333362,1.0524213493339043,0.04116245226765934,2013-12-17
MU,,Strategy2,83,29,29,Not Effective,ATR_3,True,True,25,0.24074074074074073,0.12962962962962962,0.5517241379310345,0.4827586206896552,0.2413793103448276,-0.03405568111775592,-0.1326860399093538,-0.3457300481750011,0.10356326054449105,1.449499848941517,0.045673984020134145,2013-12-17
NCLH,,Strategy1,24,9,9,Insufficient Data,ATR_3,True,True,25,0.26666666666666666,0.06666666666666667,0.4444444444444444,0.3333333333333333,0.3333333333333333,0.08980037969346255,-0.08573514755752909,-0.23327031751693073,0.11458171243153087,0.9847320885885328,0.02881008499967456,2022-07-27
NCLH,,Strategy2,26,7,7,Insufficient Data,OTM_10pct,False,True,25,0.21052631578947367,0.15789473684210525,0.2857142857142857,0.14285714285714285,0.14285714285714285,0.03216369735620295,-0.08004513413226466,-0.23159779436977135,0.09999999999999999,1.1705494739197113,0.03643860378243258,2022-07-27
NDAQ,,Strategy1,61,20,20,Effective,OTM_10pct,True,True,25,0.24390243902439024,0.12195121951219512,0.1,0.1,0.05,0.02249378755924092,-0.02390577061593474,-0.15243902033791834,0.09999999999999995,0.5084036139191175,0.023182618386527302,2019-05-29
NDAQ,,Strategy2,43,11,11,Insufficient Data,OTM_10pct,True,False,25,0.1875,0.125,0.36363636363636365,0.2727272727272727,0.18181818181818182,-0.008724050697785923,-0.05982531951622405,-0.1786747208560806,0.09999999999999996,0.575647839478084,0.02274972737838163,2019-05-29
NDSN,,Strategy1,83,31,31,Not Effective,ATR_2.5,True,True,25,0.28846153846153844,0.1346153846153846,0.5161290322580645,0.3870967741935484,0.22580645161290322,0.009671243495434911,-0.04803550810412782,-0.27889948480003524,0.04916606847041354,1.4700708274381704,0.024669383425456586,2012-09-07
NDSN,,Strategy2,94,36,36,Effective,ATR_3,True,True,25,0.2413793103448276,0.1206896551724138,0.2222222222222222,0.19444444444444445,0.1111111111111111,0.022315565471174192,-0.02734055316998707,-0.2281826156283906,0.06168095246568664,1.6154946564359864,0.025929773819155424,2012-09-07
NEE,,Strategy1,113,39,39,Neutral,ATR_3,True,True,25,0.32432432432432434,0.13513513513513514,0.28205128205128205,0.20512820512820512,0.1794871794871795,0.034723888758875,-0.017871891418486663,-0.2714185243764681,0.050993212277352595,0.3958801795197498,0.01581097030546306,2010-07-26
NEE,,Strategy2,125,43,43,Neutral,ATR_2.5,True,True,25,0.34146341463414637,0.14634146341463414,0.37209302325581395,0.3023255813953488,0.18604651162790697,0.023061743454118266,-0.033781444948424055,-0.3014814588758681,0.043237975706800116,0.3550470807211739,0.01597678394759757,2010-07-26
NEM,,Strategy1,108,37,38,Neutral,OTM_10pct,False,False,25,0.3,0.15714285714285714,0.3783783783783784,0.35135135135135137,0.16216216216216217,0.015773505281311495,-0.06886954929517664,-0.2986184795938016,0.10000000000000002,1.1092504447414762,0.028415191494285463,2012-09-07
NEM,,Strategy2,94,27,28,Not Effective,ATR_3,True,True,25,0.2727272727272727,0.13636363636363635,0.48148148148148145,0.4444444444444444,0.2962962962962963,-0.027827076988679256,-0.06572396993431107,-0.22398384869169852,0.08737207420661373,1.1078717574522488,0.027725515382741265,2012-09-07
NFLX,,Strategy1,69,12,19,Insufficient Data,X_CLOSE,False,,25,0.5862068965517241,0.13793103448275862,0.75,0.6666666666666666,0.3333333333333333,0.04546379523645472,-0.05836217277899308,-0.17406691060837343,0.01905618025061391,0.48313400202563833,0.037226484258557346,2019-05-16
NFLX,,Strategy2,43,13,13,Insufficient Data,ATR_2.5,True,False,25,0.3,0.13333333333333333,0.38461538461538464,0.38461538461538464,0.23076923076923078,0.047602966383549106,-0.04169978457029577,-0.1545671064311268,0.07593875988918194,0.6377548401389406,0.034758201988163234,2019-05-16
NI,,Strategy1,91,39,39,Effective,OTM_7pct,True,False,25,0.23076923076923078,0.07692307692307693,0.10256410256410256,0.10256410256410256,0.0,0.022891554359705024,-0.029474259555203886,-0.12052912711874886,0.07000000000000008,0.22590947918465223,0.016574025866588196,2010-07-26
NI,,Strategy2,115,40,40,Effective,OTM_10pct,True,True,25,0.16,0.08,0.05,0.05,0.025,0.028018859994658585,-0.022580440601499774,-0.1501858388650581,0.10000000000000002,0.22227965097249663,0.018239361149441982,2010-07-26
NKE,,Strategy1,113,30,30,Effective,OTM_10pct,True,True,25,0.20481927710843373,0.10843373493975904,0.16666666666666666,0.13333333333333333,0.13333333333333333,0.011865822459614539,-0.040457991180953834,-0.24918133298991518,0.1,0.5740843407819154,0.024041987009817037,2012-11-27
NKE,,Strategy2,104,30,30,Effective,OTM_10pct,True,False,25,0.25675675675675674,0.12162162162162163,0.16666666666666666,0.16666666666666666,0.13333333333333333,0.014016308453888016,-0.026718417627490942,-0.4146912618315711,0.10000000000000002,0.6506735837946718,0.024918709744328575,2012-11-27
NOC,,Strategy1,107,26,26,Effective,OTM_10pct,True,True,25,0.18518518518518517,0.09876543209876543,0.038461538461538464,0.038461538461538464,0.038461538461538464,0.027366326129973362,-0.04344253696172701,-0.20232016402436992,0.1,1.868326690072848,0.018641950101482407,2013-03-27
NOC,,Strategy2,91,38,38,Effective,OTM_10pct,True,False,25,0.2641509433962264,0.1320754716981132,0.07894736842105263,0.02631578947368421,0.0,0.002291699731275687,-0.03895260321447158,-0.10698011512135508,0.10000000000000002,2.9199501225487956,0.019589119305947155,2013-03-27
NOW,,Strategy1,24,5,5,Insufficient Data,OTM_10pct,True,True,25,0.2631578947368421,0.05263157894736842,0.0,0.0,0.0,0.06231983887925274,-0.039339449765618095,-0.08376536547884594,0.09999999999999995,1.6956191346758889,0.028957077245998743,2022-05-25
NOW,,Strategy2,39,13,13,Insufficient Data,ATR_2,True,False,25,0.34615384615384615,0.11538461538461539,0.6923076923076923,0.46153846153846156,0.38461538461538464,-0.03204772889434393,-0.07560428403772768,-0.20164883622006646,0.05626297961674988,1.9448314368069828,0.030034102626290797,2022-05-25
NRG,,Strategy1,55,16,16,Insufficient Data,OTM_10pct,False,True,25,0.23076923076923078,0.15384615384615385,0.375,0.3125,0.25,-0.0017915197096825541,-0.07407172444166943,-0.2501607996338414,0.09999999999999996,1.2707858060861568,0.02678916840470902,2019-10-29
NRG,,Strategy2,44,15,15,Insufficient Data,OTM_7pct,True,False,25,0.3103448275862069,0.10344827586206896,0.6,0.5333333333333333,0.2,0.00262119187736487,-0.07546689054551337,-0.17352246536583982,0.07000000000000008,1.4609334453359828,0.028341937185446378,2019-10-29
NSC,,Strategy1,112,37,37,Effective,OTM_10pct,True,False,25,0.2,0.06666666666666667,0.13513513513513514,0.08108108108108109,0.02702702702702703,0.03288794293808994,-0.031153872685913075,-0.15192310626690209,0.10000000000000002,1.7731589434706438,0.021375325505810616,2013-05-10
NSC,,Strategy2,101,32,32,Effective,OTM_7pct,True,False,25,0.2753623188405797,0.14492753623188406,0.1875,0.15625,0.125,0.03378830330736826,-0.03622630894315826,-0.17009738758315562,0.07000000000000005,1.6939402591052453,0.022824631019020845,2013-05-10
NTAP,,Strategy1,64,16,16,Insufficient Data,ATR_3,False,True,25,0.2708333333333333,0.16666666666666666,0.5,0.4375,0.1875,0.006329118188457938,-0.05062164077556347,-0.259283303094514,0.07098102912212506,1.1486882032560448,0.03380325159092323,2017-06-02
NTAP,,Strategy2,73,19,19,Insufficient Data,ATR_3,False,True,25,0.2777777777777778,0.18518518518518517,0.2631578947368421,0.15789473684210525,0.10526315789473684,0.04927569048763214,-0.03937510274221878,-0.3968040344802428,0.07361481622710546,1.2276687811032199,0.0366673187018579,2017-06-02
NTRS,,Strategy1,87,35,35,Effective,OTM_7pct,True,False,25,0.3076923076923077,0.1346153846153846,0.2857142857142857,0.2,0.11428571428571428,0.02138177556073062,-0.040726832068473384,-0.2385037771781484,0.07000000000000006,1.1951606914719142,0.020042093695174387,2012-09-07
NTRS,,Strategy2,89,31,31,Not Effective,OTM_5pct,True,False,25,0.25862068965517243,0.08620689655172414,0.4838709677419355,0.45161290322580644,0.25806451612903225,0.02466976918563102,-0.04997845295858461,-0.4085577084467962,0.05000000000000004,1.1749292320271363,0.021205852273068024,2012-09-07
NUE,,Strategy1,102,32,32,Neutral,OTM_10pct,True,True,25,0.21428571428571427,0.12857142857142856,0.28125,0.25,0.125,-0.009050540918621675,-0.051229302079939254,-0.22368421052631582,0.1,1.1740180053630795,0.025290708744935993,2012-09-07
NUE,,Strategy2,113,37,37,Effective,OTM_10pct,True,True,25,0.23684210526315788,0.14473684210526316,0.2702702702702703,0.24324324324324326,0.13513513513513514,0.01854807172909112,-0.04224390574886028,-0.2704964495719747,0.10000000000000003,1.1069202941528011,0.026354731617674845,2012-09-07
NVDA,,Strategy1,71,24,24,Neutral,ATR_3,False,True,25,0.3617021276595745,0.2127659574468085,0.375,0.25,0.08333333333333333,0.07480258408079432,-0.053858545794429,-0.34749005254679943,0.0958096406640499,0.43746749920324546,0.037480828117364084,2018-05-16
NVDA,,Strategy2,66,24,24,Neutral,ATR_3,False,True,25,0.35714285714285715,0.14285714285714285,0.375,0.3333333333333333,0.125,0.03657481047759137,-0.06312337695423159,-0.38059545307852616,0.10936421460798312,1.014072572300412,0.04138681770294957,2018-05-16
NVR,,Strategy1,84,30,30,Effective,OTM_7pct,True,False,25,0.2777777777777778,0.14814814814814814,0.26666666666666666,0.2,0.13333333333333333,0.030090370959400814,-0.04306343662084272,-0.19398536132861544,0.07000000000000008,39.73170770917621,0.026134944885921354,2014-04-23
NVR,,Strategy2,98,33,33,Effective,ATR_3,False,False,25,0.27692307692307694,0.16923076923076924,0.24242424242424243,0.21212121212121213,0.12121212121212122,0.016533123851716347,-0.04153252076875047,-0.18658034865920603,0.07062011498947221,38.92312932918092,0.0322780396705034,2014-04-23
NWS,,Strategy1,30,11,11,Insufficient Data,ATR_3,True,True,25,0.2631578947368421,0.10526315789473684,0.36363636363636365,0.36363636363636365,0.09090909090909091,-0.0047532382560152575,-0.0402193918145245,-0.1764135979718383,0.06819618530187643,0.4654285635266985,0.023935970464944036,2022-09-09
NWS,,Strategy2,38,8,8,Insufficient Data,OTM_10pct,True,False,25,0.3,0.1,0.0,0.0,0.0,0.04519749213629387,-0.04042797164691725,-0.09234732158571268,0.09999999999999995,0.402161621509638,0.022264621344455084,2022-09-09
NWSA,,Strategy1,33,11,11,Insufficient Data,ATR_2.5,True,True,25,0.3181818181818182,0.09090909090909091,0.45454545454545453,0.45454545454545453,0.18181818181818182,0.0021368011215048277,-0.03889793273705766,-0.16635368146589236,0.05081337975205118,0.42512987805651375,0.022442191366774906,2022-09-09
NWSA,,Strategy2,34,8,8,Insufficient Data,OTM_10pct,False,False,25,0.2692307692307692,0.19230769230769232,0.125,0.125,0.0,0.01541235576362604,-0.04986257376397735,-0.16635368146589236,0.09999999999999998,0.4319117730405151,0.02318241521252782,2022-09-09
NXPI,,Strategy1,36,9,9,Insufficient Data,ATR_2.5,True,False,25,0.2962962962962963,0.1111111111111111,0.6666666666666666,0.4444444444444444,0.2222222222222222,-0.041987851713057744,-0.09391824674866678,-0.21921112066590842,0.08666932560639583,3.556111239251636,0.031135756643714416,2021-10-29
NXPI,,Strategy2,37,13,13,Insufficient Data,OTM_7pct,True,False,25,0.3333333333333333,0.041666666666666664,0.5384615384615384,0.5384615384615384,0.46153846153846156,-0.05090495336569212,-0.07676672109555427,-0.21365582364021174,0.07000000000000006,4.0712162076736504,0.030812146222975116,2021-10-29
O,,Strategy1,73,23,23,Not Effective,OTM_5pct,True,True,25,0.26,0.1,0.4782608695652174,0.4782608695652174,0.30434782608695654,-0.02026692568422017,-0.047840087128913855,-0.49400798802132295,0.05000000000000005,0.6644990934084539,0.01749325292543466,2017-02-02
O,,Strategy2,76,22,22,Effective,ATR_3,True,True,25,0.2777777777777778,0.14814814814814814,0.18181818181818182,0.13636363636363635,0.13636363636363635,0.010845088170736261,-0.01978250328593012,-0.11888989780075654,0.05009106544149105,0.5872230709047246,0.01741032194279419,2017-02-02
ODFL,,Strategy1,85,27,27,Neutral,ATR_2.5,True,True,25,0.3448275862068966,0.13793103448275862,0.37037037037037035,0.2962962962962963,0.2222222222222222,0.04394282050621645,-0.04768696175802889,-0.17308849893189893,0.05782960306173996,1.0073741762828428,0.028799593775516667,2016-03-11
ODFL,,Strategy2,81,21,21,Neutral,ATR_2.5,True,True,25,0.35,0.1,0.42857142857142855,0.3333333333333333,0.19047619047619047,0.017644993515656404,-0.044774351955888636,-0.21162903627981366,0.06976738070336322,0.9835085187113893,0.032021110827365126,2016-03-11
OKE,,Strategy1,93,29,29,Effective,ATR_3,True,False,25,0.3125,0.140625,0.27586206896551724,0.2413793103448276,0.06896551724137931,0.02834612931401126,-0.03545572462006519,-0.1770799043276745,0.06825242300526092,0.569605921179102,0.020686561322932753,2012-11-07
OKE,,Strategy2,106,30,30,Not Effective,ATR_3,True,True,25,0.34210526315789475,0.13157894736842105,0.5,0.43333333333333335,0.26666666666666666,0.015509516850117588,-0.06283062407661244,-0.6317727556170714,0.0692358358857547,0.5549566551360158,0.021892535374364815,2012-11-07
OMC,,Strategy1,98,32,32,Neutral,OTM_10pct,True,True,25,0.16666666666666666,0.10606060606060606,0.21875,0.15625,0.15625,-0.010498984368265185,-0.0407092412590076,-0.1740754096940338,0.1,0.8082511431969289,0.01978750579954334,2012-09-07
OMC,,Strategy2,104,38,38,Neutral,OTM_5pct,True,False,25,0.3484848484848485,0.09090909090909091,0.4473684210526316,0.3684210526315789,0.18421052631578946,-0.00718098724473476,-0.044605853693012676,-0.3462370947327351,0.05000000000000005,0.8695260928227349,0.020452949050935594,2012-09-07
ON,,Strategy1,54,15,15,Insufficient Data,ATR_3,False,True,25,0.358974358974359,0.1794871794871795,0.4,0.26666666666666666,0.2,-0.020155773504140218,-0.1076319218108428,-0.2768249716398493,0.11825331771342198,0.8970237438956268,0.04206825085787192,2018-10-02
ON,,Strategy2,54,20,20,Neutral,OTM_10pct,True,True,25,0.3235294117647059,0.11764705882352941,0.5,0.3,0.1,0.06417682755668752,-0.10013761141519628,-0.34277769674995784,0.09999999999999996,0.9950264141200081,0.04101554654368836,2018-10-02
ORCL,,Strategy1,94,20,20,Effective,OTM_10pct,False,True,25,0.28378378378378377,0.17567567567567569,0.1,0.05,0.05,0.028327567019185484,-0.046536053015353296,-0.13378729231380637,0.09999999999999996,0.6807335652184523,0.031895036603491175,2014-07-01
ORCL,,Strategy2,90,24,24,Effective,OTM_10pct,True,False,25,0.30303030303030304,0.12121212121212122,0.20833333333333334,0.16666666666666666,0.08333333333333333,0.0049305182093892785,-0.05226156613717875,-0.20089402142730473,0.09999999999999998,0.8038572213893371,0.032064532667898986,2014-07-01
ORLY,,Strategy1,80,24,24,Effective,OTM_7pct,True,False,25,0.30357142857142855,0.14285714285714285,0.20833333333333334,0.20833333333333334,0.041666666666666664,0.00713375524668447,-0.04714703928010272,-0.09989597218815327,0.07000000000000006,0.30269886319126404,0.02255751225128249,2016-08-22
ORLY,,Strategy2,83,27,27,Not Effective,ATR_2,True,True,25,0.3392857142857143,0.125,0.5185185185185185,0.4444444444444444,0.14814814814814814,0.020148886500112484,-0.03956268738238666,-0.14650001525878908,0.03905692006989754,0.3648950014513453,0.025677024270646113,2016-08-22
OTIS,,Strategy1,18,4,4,Insufficient Data,OTM_7pct,True,False,25,0.21428571428571427,0.07142857142857142,0.5,0.5,0.5,-0.07497841692191687,-0.07763840470305644,-0.13801921586464483,0.07000000000000009,1.5558810915265766,0.01856178742998101,2024-09-20
OTIS,,Strategy2,15,3,4,Insufficient Data,ATR_3,True,True,25,0.2727272727272727,0.09090909090909091,0.3333333333333333,0.3333333333333333,0.3333333333333333,0.023695684373014725,-0.024423180672496825,-0.08731738973388814,0.05431681035857535,1.6621190388997398,0.020741437236508484,2024-09-20
OXY,,Strategy1,92,28,28,Neutral,OTM_10pct,True,False,25,0.140625,0.09375,0.35714285714285715,0.2857142857142857,0.07142857142857142,0.0032547675502124784,-0.05164617973801183,-0.19446037443932696,0.10000000000000002,0.961743125263949,0.024715373200891837,2013-03-27
OXY,,Strategy2,106,35,35,Neutral,OTM_10pct,True,False,25,0.18309859154929578,0.1267605633802817,0.11428571428571428,0.11428571428571428,0.05714285714285714,-0.01306371989886479,-0.05352478532367411,-0.16773163348144027,0.10000000000000002,0.9366096640532874,0.025494161496353165,2013-03-27
PANW,,Strategy1,30,5,5,Insufficient Data,OTM_10pct,True,True,25,0.16,0.12,0.0,0.0,0.0,0.01195469150956252,-0.051268818448230946,-0.0756082113918316,0.09999999999999996,1.4444644564674014,0.025662967836976254,2022-06-01
PANW,,Strategy2,34,12,12,Insufficient Data,OTM_10pct,False,False,25,0.3181818181818182,0.18181818181818182,0.25,0.25,0.08333333333333333,0.051457176374387625,-0.04668618562321325,-0.2167380618431174,0.09999999999999998,2.1856376193150755,0.02965069239414228,2022-06-01
PAYC,,Strategy1,31,9,9,Insufficient Data,ATR_2.5,True,False,25,0.2727272727272727,0.13636363636363635,0.6666666666666666,0.4444444444444444,0.2222222222222222,-0.062678369425334,-0.09072643082764564,-0.23575886443385374,0.07265915567132725,5.400600890410112,0.027554355904103902,2022-12-07
PAYC,,Strategy2,27,10,10,Insufficient Data,ATR_3,False,True,25,0.35294117647058826,0.23529411764705882,0.4,0.4,0.1,-0.0025960837219030086,-0.043933114728838485,-0.45309288669691516,0.08583665087965184,6.857955317017893,0.03476317172318532,2022-12-07
PAYX,,Strategy1,88,29,29,Effective,OTM_7pct,True,False,25,0.1694915254237288,0.1016949152542373,0.1724137931034483,0.13793103448275862,0.10344827586206896,0.00836016863940836,-0.0317232135702723,-0.1529901163491254,0.07000000000000005,0.9143918635710687,0.02380181459835603,2013-09-25
PAYX,,Strategy2,86,34,34,Effective,OTM_10pct,True,False,25,0.3269230769230769,0.11538461538461539,0.08823529411764706,0.08823529411764706,0.029411764705882353,0.008380038466804796,-0.032724318739651204,-0.195543480421557,0.1,0.8807484490976382,0.02397899366808335,2013-09-25
PCAR,,Strategy1,80,26,26,Effective,OTM_7pct,True,True,25,0.3333333333333333,0.14814814814814814,0.23076923076923078,0.23076923076923078,0.11538461538461539,0.022591460824872844,-0.03837306814613689,-0.22707734451815698,0.07000000000000005,0.6131363609007427,0.022979063963946368,2012-09-07
PCAR,,Strategy2,104,41,41,Neutral,ATR_2.5,True,False,25,0.31746031746031744,0.1111111111111111,0.4634146341463415,0.34146341463414637,0.24390243902439024,0.02446699573596578,-0.04066287579297134,-0.26783431904875044,0.05286145463069066,0.6798079116986351,0.02500637932041678,2012-09-07
PCG,,Strategy1,108,34,34,Neutral,OTM_5pct,True,False,25,0.2972972972972973,0.10810810810810811,0.38235294117647056,0.35294117647058826,0.20588235294117646,0.018040369270108436,-0.043136932898252656,-0.6390631464025298,0.05000000000000004,0.5042166646826206,0.01894554860275443,2010-05-07
PCG,,Strategy2,121,33,34,Neutral,OTM_5pct,True,False,25,0.3448275862068966,0.11494252873563218,0.3333333333333333,0.24242424242424243,0.09090909090909091,-0.0004948660479289213,-0.041445848228327975,-0.27866241299585814,0.05000000000000005,0.4733286731499284,0.01817286286510751,2010-05-07
PEG,,Strategy1,86,33,33,Neutral,OTM_5pct,True,False,25,0.2830188679245283,0.1320754716981132,0.3939393939393939,0.3333333333333333,0.24242424242424243,0.00016554347126107594,-0.038834914899843476,-0.11393091566944535,0.05000000000000004,0.5980505143289154,0.01733863660658101,2012-08-16
PEG,,Strategy2,116,32,32,Effective,OTM_5pct,True,False,25,0.32142857142857145,0.14285714285714285,0.34375,0.3125,0.03125,0.01251015114718168,-0.029419625755001066,-0.11369636242797554,0.050000000000000044,0.5509295299135405,0.01815903415126667,2012-08-16
PEP,,Strategy1,126,37,37,Neutral,ATR_3,True,True,25,0.29545454545454547,0.11363636363636363,0.40540540540540543,0.32432432432432434,0.21621621621621623,-0.008217249391156645,-0.026918387347873884,-0.22614588748391795,0.03859818533531354,0.841752649401051,0.018353244414054146,2010-05-07
PEP,,Strategy2,130,34,34,Neutral,ATR_3,True,False,25,0.28125,0.125,0.38235294117647056,0.2647058823529412,0.14705882352941177,0.002967899807212959,-0.030380948593745072,-0.09362662053367454,0.04082180521868693,0.805300297678172,0.019106018240130394,2010-05-07
PFE,,Strategy1,113,33,33,Effective,OTM_7pct,True,True,25,0.275,0.1125,0.24242424242424243,0.18181818181818182,0.12121212121212122,0.022041853436011838,-0.024710401508675983,-0.2105263206744068,0.07000000000000006,0.3925540449495712,0.02084424945432676,2010-05-07
PFE,,Strategy2,110,29,29,Effective,OTM_10pct,True,True,25,0.19753086419753085,0.06172839506172839,0.13793103448275862,0.13793103448275862,0.13793103448275862,0.0024121374433421217,-0.03359626201420762,-0.13789519167266218,0.09999999999999998,0.4084830910354466,0.0223429257367882,2010-05-07
PFG,,Strategy1,59,16,16,Insufficient Data,ATR_3,True,False,25,0.32558139534883723,0.13953488372093023,0.375,0.375,0.1875,0.0033237422367456415,-0.05987944654606364,-0.22898037034635954,0.06342685655497203,1.0130145255358975,0.020048055286600714,2019-03-14
PFG,,Strategy2,58,20,20,Effective,OTM_10pct,True,False,25,0.2631578947368421,0.05263157894736842,0.2,0.2,0.15,0.022450829829441132,-0.03746891946298209,-0.45428822233958255,0.09999999999999995,1.1421304923560234,0.023805854734921524,2019-03-14
PG,,Strategy1,133,35,35,Effective,ATR_3,True,False,25,0.32653061224489793,0.1326530612244898,0.34285714285714286,0.2857142857142857,0.11428571428571428,0.006611834518784887,-0.028803912706070522,-0.08498837094064748,0.0400610038258664,0.5463119739492521,0.015617494035177149,2007-04-04
PG,,Strategy2,172,50,52,Effective,OTM_5pct,True,False,25,0.3333333333333333,0.125,0.32,0.24,0.1,0.00416705362288583,-0.03009588362761656,-0.38009762285671034,0.05000000000000004,0.7050894214663395,0.01626193984192545,2007-04-04
PGR,,Strategy1,94,25,25,Effective,OTM_10pct,True,False,25,0.17391304347826086,0.10144927536231885,0.08,0.04,0.0,0.04053465308586213,-0.03528401584241048,-0.12919498724507128,0.09999999999999996,0.4831336376831885,0.01869927276506055,2012-09-07
PGR,,Strategy2,91,31,31,Effective,OTM_5pct,True,False,25,0.3333333333333333,0.1,0.25806451612903225,0.1935483870967742,0.12903225806451613,0.025397735881476313,-0.018963821864480646,-0.18211206210347652,0.050000000000000044,0.8036601837180566,0.020217326791821137,2012-09-07
PH,,Strategy1,116,38,38,Effective,OTM_10pct,True,False,25,0.23076923076923078,0.10256410256410256,0.10526315789473684,0.10526315789473684,0.05263157894736842,0.021057000458051034,-0.03254327909407845,-0.13149855055695892,0.10000000000000002,2.5718737011178963,0.022129312429341682,2012-09-07
PH,,Strategy2,106,38,38,Effective,OTM_10pct,True,False,25,0.22058823529411764,0.10294117647058823,0.10526315789473684,0.10526315789473684,0.05263157894736842,0.020450442991978734,-0.036058262698468235,-0.20344711298855267,0.1,2.6021993913740475,0.022844161197541357,2012-09-07
PHM,,Strategy1,111,39,39,Effective,ATR_3,False,True,25,0.3333333333333333,0.18055555555555555,0.3076923076923077,0.20512820512820512,0.10256410256410256,0.033064886884281774,-0.033308091325948475,-0.19031715377295755,0.07631138852794127,0.595865447241981,0.0289482977592887,2012-09-07
PHM,,Strategy2,94,30,30,Effective,ATR_3,True,True,25,0.28125,0.109375,0.23333333333333334,0.16666666666666666,0.1,0.019421408569650467,-0.04084267481388654,-0.17633407756811004,0.0940739478542057,0.674551401706271,0.032457522145481504,2012-09-07
PKG,,Strategy1,61,17,17,Insufficient Data,OTM_7pct,True,False,25,0.3409090909090909,0.13636363636363635,0.29411764705882354,0.17647058823529413,0.058823529411764705,0.011603028517430003,-0.040944245897267306,-0.11047952463962263,0.07000000000000006,1.5400586239906326,0.02368720110299933,2018-09-05
PKG,,Strategy2,62,21,21,Neutral,ATR_3,True,True,25,0.34146341463414637,0.14634146341463414,0.3333333333333333,0.2857142857142857,0.19047619047619047,0.032107484029350486,-0.04217360246234925,-0.2059112242027643,0.06834889800357662,1.7410137653350832,0.022653829156998637,2018-09-05
PLD,,Strategy1,76,21,21,Effective,OTM_7pct,True,True,25,0.16363636363636364,0.05454545454545454,0.23809523809523808,0.23809523809523808,0.14285714285714285,0.013385353349891327,-0.05224537695031983,-0.2193548250999351,0.07000000000000006,1.1359152274024218,0.01813626121113583,2018-01-09
PLD,,Strategy2,57,23,23,Effective,ATR_3,True,True,25,0.3235294117647059,0.14705882352941177,0.30434782608695654,0.2608695652173913,0.13043478260869565,0.029847124665519864,-0.021652915261008543,-0.13933161341173395,0.06283468825709386,1.4248871982545783,0.020919599254547526,2018-01-09
PLTR,,Strategy1,16,6,7,Insufficient Data,OTM_10pct,True,True,25,0.3333333333333333,0.1111111111111111,0.3333333333333333,0.16666666666666666,0.0,0.0643310236189385,-0.08614412801826898,-0.22473537524065446,0.09999999999999994,3.7291829649891173,0.04623864753618214,2024-11-15
PLTR,,Strategy2,12,3,4,Insufficient Data,OTM_10pct,True,False,25,0.25,0.125,1.0,1.0,0.3333333333333333,-0.07890424075511648,-0.19313214337921425,-0.28043291092490097,0.10000000000000002,3.036393185456594,0.04981302019823835,2024-11-15
PM,,Strategy1,43,14,14,Insufficient Data,OTM_5pct,True,False,25,0.27586206896551724,0.10344827586206896,0.42857142857142855,0.42857142857142855,0.14285714285714285,0.03235542560128413,-0.03741554938535213,-0.13047323492267426,0.05000000000000004,1.5762124679413347,0.01705893906197225,2021-02-11
PM,,Strategy2,44,14,14,Insufficient Data,OTM_5pct,True,False,25,0.3,0.13333333333333333,0.5,0.42857142857142855,0.35714285714285715,-0.019117550618830914,-0.05026815748891089,-0.1455239350617028,0.05000000000000006,1.7687500544956754,0.01797755217931185,2021-02-11
PNC,,Strategy1,106,41,42,Effective,OTM_7pct,True,False,25,0.28125,0.125,0.2682926829268293,0.2682926829268293,0.12195121951219512,0.005463262833013571,-0.048131123527151654,-0.15526020436319976,0.07000000000000006,1.5629868186066411,0.020230597069798743,2011-05-20
PNC,,Strategy2,104,35,36,Effective,OTM_7pct,True,True,25,0.22388059701492538,0.07462686567164178,0.22857142857142856,0.2,0.11428571428571428,0.03478712712003129,-0.026996143079946466,-0.4129311775621498,0.07000000000000006,1.4312732245895892,0.020976263652227097,2011-05-20
PNR,,Strategy1,89,36,36,Effective,OTM_10pct,True,True,25,0.1509433962264151,0.05660377358490566,0.16666666666666666,0.1388888888888889,0.08333333333333333,0.023411826455038476,-0.025704817135038915,-0.16595784187980145,0.1,0.6427527100661018,0.021926128774965425,2010-08-16
PNR,,Strategy2,109,44,44,Effective,OTM_10pct,True,True,25,0.2153846153846154,0.12307692307692308,0.1590909090909091,0.13636363636363635,0.045454545454545456,0.03266987171510183,-0.02940613803511022,-0.15004676895339264,0.09999999999999999,0.6448132116469613,0.0253208357105388,2010-08-16
PNW,,Strategy1,82,30,30,Neutral,OTM_5pct,True,False,25,0.28846153846153844,0.1346153846153846,0.3333333333333333,0.23333333333333334,0.16666666666666666,0.016745062851682424,-0.03197726778052923,-0.0951029196647507,0.050000000000000044,0.7509931222071631,0.016793864057176866,2010-07-26
PNW,,Strategy2,129,44,44,Effective,OTM_10pct,True,True,25,0.18823529411764706,0.10588235294117647,0.06818181818181818,0.045454545454545456,0.0,0.03492109007670008,-0.022697176152503606,-0.12892871235058934,0.09999999999999999,0.7292482644352536,0.01761109234514866,2010-07-26
PODD,,Strategy1,41,12,12,Insufficient Data,OTM_10pct,True,True,25,0.3448275862068966,0.13793103448275862,0.5833333333333334,0.5833333333333334,0.5833333333333334,-0.10574633001382278,-0.15887875219542713,-0.24470588657682746,0.09999999999999994,4.145749017336643,0.034823295545949914,2020-11-09
PODD,,Strategy2,57,20,20,Not Effective,ATR_2.5,True,True,25,0.24324324324324326,0.13513513513513514,0.5,0.4,0.3,0.0460856284016683,-0.07003854165574558,-0.30064714149134586,0.08267483459361791,4.256854946451975,0.034933549899525185,2020-11-09
POOL,,Strategy1,79,20,20,Neutral,OTM_7pct,True,False,25,0.288135593220339,0.1016949152542373,0.4,0.3,0.15,0.0037562874681899006,-0.0501984464585255,-0.21191832860667825,0.07000000000000006,2.0615411058041326,0.025097212695731588,2017-05-22
POOL,,Strategy2,70,20,20,Effective,OTM_10pct,True,True,25,0.28,0.08,0.15,0.1,0.05,0.03721806727273136,-0.04181737661086071,-0.21574730006974707,0.09999999999999995,3.108165629420961,0.028115283231820293,2017-05-22
PPG,,Strategy1,105,29,29,Neutral,OTM_7pct,True,False,25,0.2631578947368421,0.13157894736842105,0.27586206896551724,0.20689655172413793,0.10344827586206896,-0.009300093621594785,-0.04636362249200998,-0.14115393970264667,0.07000000000000005,0.8996955472595836,0.019292654748623527,2012-09-07
PPG,,Strategy2,100,30,30,Neutral,ATR_3,True,True,25,0.2571428571428571,0.07142857142857142,0.4,0.3,0.2,0.016340653472998956,-0.033211047375009906,-0.13516644409052425,0.05690695348609466,1.0102945048468457,0.02077560192524176,2012-09-07
PPL,,Strategy1,95,35,35,Effective,OTM_7pct,True,False,25,0.15,0.05,0.14285714285714285,0.14285714285714285,0.08571428571428572,0.008794623743658692,-0.03181132095674377,-0.14321257008728772,0.07000000000000006,0.37034327338512674,0.0159972616312964,2012-09-07
PPL,,Strategy2,95,27,28,Effective,OTM_5pct,True,False,25,0.34328358208955223,0.14925373134328357,0.14814814814814814,0.14814814814814814,0.1111111111111111,0.017084566443741567,-0.023716646765237548,-0.10383280036121323,0.05000000000000007,0.37102396559894524,0.0176233960890383,2012-09-07
PRU,,Strategy1,64,17,17,Insufficient Data,OTM_10pct,True,False,25,0.2553191489361702,0.0851063829787234,0.11764705882352941,0.11764705882352941,0.11764705882352941,0.029395164864203238,-0.048047180057217975,-0.22262381854129887,0.09999999999999996,1.520502228822027,0.019707234072934877,2019-03-29
PRU,,Strategy2,60,19,19,Insufficient Data,ATR_2,True,False,25,0.34146341463414637,0.07317073170731707,0.42105263157894735,0.3157894736842105,0.21052631578947367,0.027588744334521964,-0.04009255567138048,-0.5206046970463706,0.043357114065519425,1.7074761345272969,0.023182091678595418,2019-03-29
PSA,,Strategy1,83,27,27,Neutral,ATR_3,True,True,25,0.26785714285714285,0.125,0.4444444444444444,0.3333333333333333,0.2222222222222222,0.0029081049077823717,-0.04863394438577606,-0.3101718329509773,0.05611743332030517,2.1440468819334253,0.019094819617423528,2012-11-21
PSA,,Strategy2,91,30,30,Effective,OTM_7pct,True,False,25,0.2786885245901639,0.13114754098360656,0.26666666666666666,0.2,0.13333333333333333,0.00524195372676961,-0.05223671906004129,-0.13637039749710644,0.07000000000000006,1.9907200212942746,0.021612694736979163,2012-11-21
PSKY,,Strategy1,46,10,10,Insufficient Data,OTM_10pct,True,False,25,0.25,0.05555555555555555,0.2,0.1,0.0,0.053655569390988034,-0.056689072186452916,-0.23871461043680187,0.09999999999999995,0.8073447802051992,0.024110034376682944,2020-06-08
PSKY,,Strategy2,48,16,16,Insufficient Data,ATR_2.5,True,False,25,0.3125,0.125,0.5,0.375,0.125,-0.014039250706335493,-0.08549756595077312,-0.25513194266543315,0.09136426442663667,0.8797024644556498,0.02711164830453348,2020-06-08
PSX,,Strategy1,39,14,14,Insufficient Data,OTM_7pct,True,False,25,0.24,0.08,0.5,0.35714285714285715,0.21428571428571427,0.0011166197024018998,-0.06993798286436709,-0.17008639290379934,0.07000000000000006,2.418095452444894,0.024546613634209687,2022-05-03
PSX,,Strategy2,35,16,16,Insufficient Data,OTM_7pct,True,False,25,0.15789473684210525,0.10526315789473684,0.375,0.125,0.0625,0.010412541081270321,-0.04629619928077616,-0.1461682185948452,0.07000000000000005,2.463122262760084,0.024879303856190985,2022-05-03
PTC,,Strategy1,83,31,31,Neutral,ATR_3,False,True,25,0.40384615384615385,0.11538461538461539,0.3225806451612903,0.2903225806451613,0.16129032258064516,0.02332607905740547,-0.050909113756475555,-0.1935601042876438,0.07007032326978234,1.6921216099684904,0.034848035468714934,2015-08-17
PTC,,Strategy2,84,17,17,Insufficient Data,OTM_10pct,True,False,25,0.34328358208955223,0.14925373134328357,0.23529411764705882,0.11764705882352941,0.11764705882352941,0.040947287773903884,-0.042125994093468844,-0.18137810722145464,0.09999999999999996,1.3624559681431778,0.04019615300443114,2015-08-17
PWR,,Strategy1,60,17,17,Insufficient Data,OTM_10pct,False,True,25,0.3023255813953488,0.16279069767441862,0.17647058823529413,0.17647058823529413,0.11764705882352941,0.011957279577569535,-0.04652892245971896,-0.18639150162181328,0.09999999999999995,2.0151782785143175,0.031171635829945924,2018-02-02
PWR,,Strategy2,67,21,21,Neutral,ATR_3,True,True,25,0.32608695652173914,0.13043478260869565,0.38095238095238093,0.38095238095238093,0.23809523809523808,-0.003336022696347807,-0.062430519070902135,-0.39639411343212216,0.07797903581563616,2.0457709534590176,0.03336971901618559,2018-02-02
PYPL,,Strategy1,31,12,12,Insufficient Data,OTM_10pct,False,False,25,0.3684210526315789,0.21052631578947367,0.4166666666666667,0.3333333333333333,0.25,0.0007927974592510378,-0.05825313982167302,-0.20230041210085958,0.09999999999999999,3.1742352252731676,0.02636937897794303,2023-04-21
PYPL,,Strategy2,26,10,10,Insufficient Data,ATR_3,False,True,25,0.25,0.1875,0.4,0.3,0.2,-0.019015663026395124,-0.05550053660166854,-0.22464814271453526,0.07892613451962979,2.9811677199143634,0.02805324698698874,2023-04-21
QCOM,,Strategy1,83,26,26,Neutral,OTM_10pct,True,False,25,0.2631578947368421,0.14035087719298245,0.3076923076923077,0.19230769230769232,0.11538461538461539,-0.0033160059329889746,-0.0770269214119853,-0.22200860405815237,0.1,1.6997549113226011,0.03138938721395283,2016-03-28
QCOM,,Strategy2,80,25,25,Neutral,OTM_10pct,True,False,25,0.32727272727272727,0.10909090909090909,0.2,0.2,0.08,-0.004211355544305184,-0.040831478282166156,-0.1827124854234462,0.1,1.6403324469923972,0.03257408348175819,2016-03-28
QQQ,,Strategy1,68,23,23,Effective,OTM_7pct,True,True,25,0.28888888888888886,0.1111111111111111,0.17391304347826086,0.13043478260869565,0.0,0.026301344780072844,-0.019039351195460852,-0.08611895610533904,0.07000000000000006,2.164311919893538,0.01444894837125752,2018-05-30
QQQ,,Strategy2,60,13,13,Insufficient Data,OTM_7pct,True,True,25,0.2765957446808511,0.14893617021276595,0.07692307692307693,0.0,0.0,0.053855970194627956,-0.024399835701256256,-0.07248164074610441,0.07000000000000006,2.2816665308816093,0.018465794820548508,2018-05-30
RCL,,Strategy1,81,20,20,Effective,OTM_10pct,False,True,25,0.2459016393442623,0.16393442622950818,0.35,0.2,0.1,0.04660612164200162,-0.05979490351729577,-0.28413323177397654,0.1,1.6911375619326532,0.026705601476537465,2016-08-23
RCL,,Strategy2,72,29,29,Neutral,OTM_10pct,False,False,25,0.37209302325581395,0.13953488372093023,0.41379310344827586,0.3448275862068966,0.20689655172413793,0.01876732307516371,-0.04913458983135677,-0.2682926998935763,0.1,2.318813323974609,0.031031510672872624,2016-08-23
REG,,Strategy1,77,19,19,Insufficient Data,OTM_7pct,True,False,25,0.2413793103448276,0.1206896551724138,0.21052631578947367,0.15789473684210525,0.05263157894736842,-0.024060367599080923,-0.04575263098921145,-0.12800753845126656,0.07000000000000006,0.8319016599920551,0.01688535544437952,2016-10-18
REG,,Strategy2,76,25,25,Neutral,OTM_7pct,True,False,25,0.2549019607843137,0.0784313725490196,0.24,0.24,0.12,-0.007877579914492783,-0.05804455553297139,-0.15859688444846654,0.07000000000000006,0.8731907812276282,0.018195047402288844,2016-10-18
REGN,,Strategy1,62,23,23,Neutral,ATR_3,False,True,25,0.4358974358974359,0.28205128205128205,0.34782608695652173,0.21739130434782608,0.13043478260869565,-0.011681255876965002,-0.06418795171600866,-0.20278751725012312,0.07754363303982023,7.25805178875198,0.03985776976228382,2016-01-07
REGN,,Strategy2,85,24,24,Not Effective,ATR_3,False,True,25,0.39344262295081966,0.18032786885245902,0.4166666666666667,0.375,0.2916666666666667,-0.02972852068452414,-0.06897234914913924,-0.18159751035195904,0.08410253477484513,6.289602704408789,0.04333977082588562,2016-01-07
RF,,Strategy1,93,34,34,Neutral,OTM_7pct,True,False,25,0.23728813559322035,0.1016949152542373,0.4411764705882353,0.3235294117647059,0.14705882352941177,-0.013557974077004487,-0.05916799158358166,-0.1925165744800662,0.07000000000000005,0.36108230445791495,0.021885368640918227,2012-09-07
RF,,Strategy2,96,35,35,Effective,OTM_10pct,True,False,25,0.22950819672131148,0.11475409836065574,0.22857142857142856,0.17142857142857143,0.08571428571428572,0.05717257767959927,-0.030716711329872526,-0.2905811374296354,0.10000000000000002,0.34381512038054923,0.02348669932125053,2012-09-07
RJF,,Strategy1,90,36,36,Neutral,ATR_3,True,True,25,0.3333333333333333,0.14814814814814814,0.4444444444444444,0.3333333333333333,0.19444444444444445,0.014711117883429048,-0.03456587016462015,-0.1693468973972233,0.059484637678426835,0.8883297725092796,0.02408198498089692,2013-09-09
RJF,,Strategy2,101,33,33,Neutral,ATR_3,True,True,25,0.3088235294117647,0.08823529411764706,0.3939393939393939,0.30303030303030304,0.09090909090909091,0.038674950432409316,-0.043782838297851345,-0.14815691169606737,0.06640165270908577,0.7636634237231763,0.024796254226525736,2013-09-09
RL,,Strategy1,78,19,20,Insufficient Data,OTM_10pct,False,False,25,0.29310344827586204,0.20689655172413793,0.3157894736842105,0.3157894736842105,0.15789473684210525,-0.022452180617121842,-0.06307049631431827,-0.1564431573791436,0.09999999999999994,2.563324309967376,0.02618241578392997,2017-11-17
RL,,Strategy2,73,24,24,Neutral,ATR_3,True,True,25,0.32653061224489793,0.14285714285714285,0.4166666666666667,0.3333333333333333,0.16666666666666666,-0.009611356380938851,-0.0666520031461631,-0.27792456765236884,0.08929992087108812,2.733160832623447,0.02931113375457876,2017-11-17
RMD,,Strategy1,75,17,17,Insufficient Data,OTM_7pct,True,False,25,0.3448275862068966,0.13793103448275862,0.29411764705882354,0.29411764705882354,0.11764705882352941,0.0016487148927530892,-0.05256802009064354,-0.12140399469664032,0.07000000000000006,1.3739637934593927,0.02546945479129807,2017-04-11
RMD,,Strategy2,57,20,20,Neutral,ATR_2,True,True,25,0.32432432432432434,0.08108108108108109,0.5,0.4,0.2,0.017156661219733915,-0.04575706465818369,-0.1539568532076745,0.04687928947993693,1.9035596608518057,0.028290622324236955,2017-04-11
ROK,,Strategy1,99,32,33,Effective,OTM_10pct,False,False,25,0.2727272727272727,0.18181818181818182,0.125,0.09375,0.0,0.018782834866749587,-0.03247753859983804,-0.17079991604755418,0.1,2.3857296239074,0.023196023320343224,2013-03-27
ROK,,Strategy2,103,30,30,Effective,OTM_10pct,False,False,25,0.273972602739726,0.1780821917808219,0.1,0.1,0.03333333333333333,0.00604281382370131,-0.05261121790296208,-0.26096714799648435,0.09999999999999999,1.9883798541043898,0.023701057209057352,2013-03-27
ROL,,Strategy1,98,39,39,Neutral,ATR_3,True,False,25,0.3220338983050847,0.13559322033898305,0.358974358974359,0.3333333333333333,0.1794871794871795,0.011671533662975575,-0.043969198653180164,-0.16564704292059695,0.05467786285375954,0.22605638362402125,0.019729807137093325,2012-09-07
ROL,,Strategy2,102,29,29,Effective,ATR_3,True,True,25,0.3424657534246575,0.136986301369863,0.2413793103448276,0.13793103448275862,0.06896551724137931,0.03487875571426868,-0.018361158330928218,-0.16346156419839164,0.05558758494222883,0.17915540581949949,0.020358038032443647,2012-09-07
ROP,,Strategy1,89,29,29,Neutral,OTM_7pct,True,False,25,0.31666666666666665,0.15,0.3793103448275862,0.3793103448275862,0.2413793103448276,-0.0018842328444417245,-0.034627117697662135,-0.38590656695602743,0.07000000000000005,2.801358113510842,0.022930930244531245,2016-04-14
ROP,,Strategy2,83,25,25,Neutral,OTM_7pct,True,False,25,0.25862068965517243,0.034482758620689655,0.24,0.24,0.16,-0.009967581439979223,-0.03633596918180226,-0.13040473574683775,0.07000000000000006,2.9608626858092415,0.021806856929453233,2016-04-14
ROST,,Strategy1,88,29,29,Neutral,OTM_10pct,True,True,25,0.2542372881355932,0.13559322033898305,0.10344827586206896,0.10344827586206896,0.034482758620689655,-0.009041722056031598,-0.04441375339169773,-0.22911482690739993,0.09999999999999999,0.8981467057866129,0.027273505527851096,2014-04-29
ROST,,Strategy2,86,32,32,Effective,OTM_10pct,False,False,25,0.3888888888888889,0.18518518518518517,0.1875,0.15625,0.03125,0.008509910938846899,-0.06475802107734474,-0.1525601813327977,0.1,0.9053114098914437,0.02831495705420698,2014-04-29
RSG,,Strategy1,71,20,20,Effective,OTM_7pct,True,True,25,0.27450980392156865,0.13725490196078433,0.0,0.0,0.0,0.02964768859346667,-0.021318516647069075,-0.0647270579790199,0.07000000000000006,0.9724739523720692,0.019183258369203777,2018-03-15
RSG,,Strategy2,68,16,16,Insufficient Data,OTM_5pct,True,False,25,0.3269230769230769,0.07692307692307693,0.25,0.1875,0.1875,-0.007391637324487055,-0.03145120280682506,-0.11373146047102167,0.05000000000000006,0.8605078068100102,0.0192805892603138,2018-03-15
RTX,,Strategy1,164,46,46,Effective,OTM_7pct,True,False,25,0.3220338983050847,0.1271186440677966,0.17391304347826086,0.17391304347826086,0.13043478260869565,0.015905134158374135,-0.03318172329813568,-0.5317185942097624,0.07000000000000003,0.4543282347844869,0.02045028381673447,2007-05-02
RTX,,Strategy2,129,37,37,Effective,OTM_7pct,True,True,25,0.2717391304347826,0.14130434782608695,0.16216216216216217,0.13513513513513514,0.10810810810810811,0.03794577964253465,-0.013672767835036459,-0.3398413677588189,0.07000000000000009,0.5154655183173491,0.020179192087993316,2007-05-02
RVTY,,Strategy1,123,46,47,Effective,OTM_10pct,True,False,25,0.2236842105263158,0.06578947368421052,0.17391304347826086,0.17391304347826086,0.08695652173913043,0.003786133463726027,-0.04874990414776664,-0.24666427210608843,0.09999999999999998,0.8693912272946206,0.023773237085286034,2010-07-26
RVTY,,Strategy2,108,31,32,Neutral,ATR_3,True,False,25,0.32894736842105265,0.13157894736842105,0.3870967741935484,0.3870967741935484,0.06451612903225806,0.027784324729441146,-0.04642822894189247,-0.278846139871636,0.062201238088609404,0.692650886755141,0.024411662305872,2010-07-26
SBAC,,Strategy1,72,19,19,Insufficient Data,OTM_7pct,True,False,25,0.3018867924528302,0.09433962264150944,0.47368421052631576,0.42105263157894735,0.21052631578947367,-0.026456170333059248,-0.06670996666614992,-0.28000001070792213,0.07000000000000008,2.5921123133055746,0.03166766530621565,2018-06-28
SBAC,,Strategy2,58,18,18,Insufficient Data,ATR_1.5,True,False,25,0.325,0.075,0.6111111111111112,0.6111111111111112,0.5,-0.013686459981097965,-0.06751621598864666,-0.17721521873713808,0.03293408668523236,2.2816855214499494,0.02985763093596197,2018-06-28
SBUX,,Strategy1,91,22,23,Effective,ATR_3,True,True,25,0.25,0.11764705882352941,0.13636363636363635,0.13636363636363635,0.09090909090909091,0.02249106503155751,-0.0253509499146094,-0.13518386351342826,0.060562372497406584,0.685812929267973,0.02792569294639549,2016-05-24
SBUX,,Strategy2,86,30,30,Neutral,ATR_3,True,True,25,0.26785714285714285,0.14285714285714285,0.36666666666666664,0.3,0.2,0.02281675100934555,-0.03307797043081828,-0.19116812248560644,0.059209479385218054,0.78518479275347,0.02784741960524162,2016-05-24
SCHW,,Strategy1,91,26,26,Effective,OTM_10pct,True,False,25,0.3076923076923077,0.12307692307692308,0.23076923076923078,0.19230769230769232,0.038461538461538464,0.04091145543455632,-0.045039406867351695,-0.157857817234778,0.09999999999999999,0.6382238180778652,0.028021880540450447,2014-12-15
SCHW,,Strategy2,95,27,27,Effective,OTM_10pct,True,True,25,0.2647058823529412,0.11764705882352941,0.25925925925925924,0.2222222222222222,0.14814814814814814,0.01916165749730747,-0.0502041820553456,-0.4313155369399908,0.09999999999999999,0.7493288901515476,0.031111309672556976,2014-12-15
SHW,,Strategy1,103,28,28,Effective,OTM_10pct,True,True,25,0.22666666666666666,0.13333333333333333,0.03571428571428571,0.03571428571428571,0.0,0.026541983215109366,-0.02741353433740462,-0.16075887797109267,0.09999999999999999,0.9714701203590623,0.021809004495312312,2012-09-07
SHW,,Strategy2,119,35,35,Neutral,ATR_3,True,False,25,0.23809523809523808,0.13095238095238096,0.45714285714285713,0.34285714285714286,0.2,0.018056531041974022,-0.04095763834280852,-0.14319132530237766,0.05981297325283871,1.3236554355896104,0.02327362590332154,2012-09-07
SJM,,Strategy1,57,16,16,Insufficient Data,OTM_10pct,True,False,25,0.1951219512195122,0.12195121951219512,0.125,0.0625,0.0625,-0.021087862886968733,-0.05854971391313063,-0.12174976168351737,0.09999999999999998,1.3206454733559363,0.016738944961294373,2017-02-07
SJM,,Strategy2,73,18,18,Insufficient Data,OTM_7pct,True,False,25,0.2727272727272727,0.07272727272727272,0.2222222222222222,0.16666666666666666,0.05555555555555555,-0.0149589209295789,-0.047595146984086345,-0.18834270962384259,0.07000000000000006,1.2689922224518841,0.01784199400529586,2017-02-07
SLB,,Strategy1,96,26,27,Neutral,OTM_10pct,True,False,25,0.2608695652173913,0.11594202898550725,0.19230769230769232,0.19230769230769232,0.07692307692307693,-0.006887105501838797,-0.05825306754339543,-0.24737175981625292,0.09999999999999999,1.133076406660534,0.025636670343341925,2013-03-27
SLB,,Strategy2,105,35,35,Not Effective,ATR_3,True,True,25,0.2857142857142857,0.11428571428571428,0.34285714285714286,0.34285714285714286,0.2857142857142857,-0.017796949270748375,-0.055024496244715504,-0.24526929429768485,0.0860287275530392,1.1380888504235926,0.02844421251796865,2013-03-27
SMCI,,Strategy1,38,9,9,Insufficient Data,ATR_2.5,True,True,25,0.27586206896551724,0.034482758620689655,0.3333333333333333,0.2222222222222222,0.1111111111111111,-0.02134901092808339,-0.10116466300332916,-0.32732527717203086,0.1272764100205289,0.4004041456190267,0.03917267995363902,2020-10-27
SMCI,,Strategy2,40,15,15,Insufficient Data,ATR_2.5,False,False,25,0.36,0.2,0.3333333333333333,0.3333333333333333,0.13333333333333333,0.02335517490220318,-0.08350079589964765,-0.5967258793890057,0.12572489103844572,0.7141732361699854,0.04135315605236349,2020-10-27
SNA,,Strategy1,107,41,42,Effective,ATR_3,True,True,25,0.3384615384615385,0.12307692307692308,0.2926829268292683,0.24390243902439024,0.0975609756097561,0.01759027334798402,-0.038835242823373584,-0.16550476337578102,0.05622268497622537,1.733190101679559,0.020965030518416226,2010-07-26
SNA,,Strategy2,128,50,50,Effective,OTM_10pct,True,True,25,0.1794871794871795,0.10256410256410256,0.08,0.06,0.02,0.02156620834036782,-0.03621590553884374,-0.41764024950833556,0.09999999999999995,1.5781641533332211,0.022039363971073814,2010-07-26
SNDK,,Strategy1,0,0,0,Insufficient Data,,False,,25,,,,,,,,,,,,2026-03-13
SNDK,,Strategy2,0,0,0,Insufficient Data,,False,,25,,,,,,,,,,,,2026-03-13
SNPS,,Strategy1,82,25,25,Neutral,OTM_10pct,False,True,25,0.40350877192982454,0.17543859649122806,0.36,0.32,0.2,0.014199096766356334,-0.04013353250217022,-0.20291165005374556,0.1,2.9148043140717084,0.02893159246161761,2016-04-18
SNPS,,Strategy2,94,15,16,Insufficient Data,OTM_10pct,True,True,25,0.3333333333333333,0.14102564102564102,0.26666666666666666,0.2,0.13333333333333333,0.06502142205490058,-0.03313998580313127,-0.3766327383769308,0.09999999999999996,2.126819064189598,0.030361709601952364,2016-04-18
SO,,Strategy1,95,32,32,Effective,ATR_3,True,True,25,0.31746031746031744,0.1111111111111111,0.15625,0.125,0.0625,0.016759415179515624,-0.021817158858419727,-0.14389534019205952,0.043955893025246225,0.5068193066389042,0.015224647395328562,2013-03-27
SO,,Strategy2,107,26,26,Neutral,OTM_5pct,True,False,25,0.2962962962962963,0.09876543209876543,0.3076923076923077,0.23076923076923078,0.11538461538461539,-0.0021598137680982066,-0.03546941885777355,-0.09732573166316894,0.05000000000000004,0.4806892238408127,0.01657547711654581,2013-03-27
SOLV,,Strategy1,5,0,0,Insufficient Data,OTM_7pct,False,,25,0.2,0.2,,,,,,,,2.092928532191685,0.027716711327328246,2025-12-05
SOLV,,Strategy2,7,0,0,Insufficient Data,ATR_3,True,,25,0.14285714285714285,0.0,,,,,,,,1.6594890672333384,0.02294302513035926,2025-12-05
SPG,,Strategy1,76,26,26,Neutral,OTM_5pct,True,False,25,0.26,0.12,0.38461538461538464,0.19230769230769232,0.15384615384615385,0.018703870786321852,-0.04593299499549219,-0.12561478922843317,0.050000000000000044,1.8956069695322137,0.01890428230360064,2016-10-31
SPG,,Strategy2,72,23,23,Neutral,OTM_10pct,True,True,25,0.1836734693877551,0.12244897959183673,0.2608695652173913,0.21739130434782608,0.17391304347826086,0.010726959175851203,-0.04097670203940518,-0.6239721318155216,0.1,2.0777667193185714,0.020334820995833402,2016-10-31
SPGI,,Strategy1,116,42,42,Not Effective,ATR_2.5,True,True,25,0.33783783783783783,0.14864864864864866,0.5238095238095238,0.4523809523809524,0.2857142857142857,0.007518035895650588,-0.04732203133882901,-0.39380312597213696,0.041415431750002785,1.4868604322812826,0.0190428551015031,2010-07-26
SPGI,,Strategy2,108,29,29,Effective,OTM_10pct,True,False,25,0.24050632911392406,0.13924050632911392,0.13793103448275862,0.10344827586206896,0.06896551724137931,0.03261380090294841,-0.03751976111258448,-0.3568614140887949,0.1,1.5147958759159326,0.02152796469971296,2010-07-26
SPY,,Strategy1,83,30,31,Effective,OTM_5pct,True,False,25,0.28846153846153844,0.1346153846153846,0.16666666666666666,0.16666666666666666,0.03333333333333333,0.022603276242339487,-0.014368150133243163,-0.13045860192729686,0.050000000000000044,2.1930258023759386,0.00981700396895457,2016-07-28
SPY,,Strategy2,77,23,24,Effective,ATR_3,True,True,25,0.3018867924528302,0.07547169811320754,0.30434782608695654,0.21739130434782608,0.08695652173913043,0.014119765781631655,-0.023399334970458652,-0.07955458525901138,0.03750386179390164,2.8981390760205894,0.013197248741262001,2016-07-28
SRE,,Strategy1,58,15,15,Insufficient Data,OTM_5pct,True,False,25,0.3023255813953488,0.11627906976744186,0.6,0.5333333333333333,0.26666666666666666,-0.02200700070997641,-0.05692925854914832,-0.45510835913312697,0.05000000000000006,0.6681789189136675,0.016553911827297353,2018-03-15
SRE,,Strategy2,63,20,20,Effective,OTM_7pct,True,False,25,0.27906976744186046,0.13953488372093023,0.2,0.2,0.15,0.010792284792182527,-0.03316817945980205,-0.11389651541043089,0.07000000000000005,0.7612301962716239,0.019264653456477543,2018-03-15
STE,,Strategy1,80,25,25,Neutral,OTM_10pct,False,False,25,0.2909090909090909,0.18181818181818182,0.08,0.04,0.0,-0.01126901663664881,-0.04824076944953304,-0.35349886711795275,0.09999999999999998,1.5232812200273786,0.0249906589552728,2016-05-16
STE,,Strategy2,92,28,28,Neutral,OTM_10pct,True,False,25,0.265625,0.046875,0.17857142857142858,0.14285714285714285,0.10714285714285714,-0.009662277419805243,-0.051814859597766716,-0.170400240128041,0.10000000000000002,1.4916547973703895,0.027035314997360806,2016-05-16
STLD,,Strategy1,70,22,22,Neutral,OTM_10pct,False,True,25,0.3958333333333333,0.20833333333333334,0.2727272727272727,0.2727272727272727,0.18181818181818182,-0.010438181203979324,-0.04283787447636411,-0.2374708956899808,0.09999999999999999,1.256889626931171,0.03454804470818552,2017-09-20
STLD,,Strategy2,68,18,18,Insufficient Data,OTM_10pct,True,False,25,0.3,0.1,0.16666666666666666,0.1111111111111111,0.1111111111111111,0.04774075687580481,-0.038878443028693865,-0.21537248737450965,0.09999999999999998,1.235201892732572,0.035725841153541216,2017-09-20
STT,,Strategy1,98,36,37,Effective,OTM_10pct,True,True,25,0.18032786885245902,0.13114754098360656,0.19444444444444445,0.16666666666666666,0.1111111111111111,0.012055231121834598,-0.039028081097155,-0.22975192324314975,0.10000000000000002,1.0592555625271864,0.020734594401840375,2012-09-07
STT,,Strategy2,87,28,28,Neutral,OTM_10pct,True,True,25,0.23728813559322035,0.1016949152542373,0.17857142857142858,0.17857142857142858,0.14285714285714285,-0.005151121456032803,-0.05616762666604391,-0.41135634283958744,0.09999999999999999,1.0445188275111719,0.022449426700303317,2012-09-07
STX,,Strategy1,54,18,18,Insufficient Data,OTM_10pct,False,False,25,0.3611111111111111,0.05555555555555555,0.2777777777777778,0.2222222222222222,0.05555555555555555,0.052269151132597225,-0.06863627048478532,-0.26864014402248937,0.09999999999999995,1.6458202102196913,0.03169593728736489,2019-07-17
STX,,Strategy2,43,13,13,Insufficient Data,OTM_10pct,False,True,25,0.4,0.16666666666666666,0.23076923076923078,0.15384615384615385,0.15384615384615385,0.05474950990956451,-0.035221746826035516,-0.1613636137558716,0.09999999999999999,2.038255804004859,0.034969166372071966,2019-07-17
STZ,,Strategy1,88,23,24,Neutral,OTM_10pct,True,True,25,0.1875,0.109375,0.2608695652173913,0.2608695652173913,0.21739130434782608,-0.01654996521434593,-0.05121866360908156,-0.4721262870698435,0.1,1.4593691914886622,0.022223923717158266,2016-04-22
STZ,,Strategy2,76,23,23,Effective,OTM_7pct,True,False,25,0.2641509433962264,0.1320754716981132,0.17391304347826086,0.13043478260869565,0.0,0.016508851005401226,-0.02982484340013536,-0.11922100368873711,0.07000000000000006,1.6178146730688283,0.023005244707415922,2016-04-22
SW,,Strategy1,23,16,16,Insufficient Data,OTM_3pct,True,False,25,0.2857142857142857,0.14285714285714285,0.875,0.875,0.4375,-0.0272741629074868,-0.0919547789099962,-0.21500219099704843,0.03000000000000004,0.8584566175567439,0.020026178371535627,2021-03-11
SW,,Strategy2,21,12,12,Insufficient Data,OTM_10pct,True,False,25,0.1111111111111111,0.1111111111111111,0.5,0.5,0.25,-0.014902199186322407,-0.09954718051029615,-0.232147216796875,0.09999999999999998,0.7698604882168935,0.018647028082407913,2021-03-11
SWK,,Strategy1,100,37,37,Neutral,OTM_10pct,False,False,25,0.25396825396825395,0.15873015873015872,0.1891891891891892,0.16216216216216217,0.13513513513513514,-0.0006817996424474115,-0.04838370646385237,-0.27508442911158826,0.1,1.2953724997384208,0.021554018019867793,2012-09-07
SWK,,Strategy2,128,36,36,Effective,OTM_10pct,True,False,25,0.1956521739130435,0.10869565217391304,0.2222222222222222,0.16666666666666666,0.1111111111111111,0.012374705673892206,-0.051697403988811175,-0.38870622117025,0.1,1.1706542005496363,0.022361375987267385,2012-09-07
SWKS,,Strategy1,83,32,32,Neutral,ATR_3,False,True,25,0.37254901960784315,0.17647058823529413,0.34375,0.34375,0.21875,0.020953265802647003,-0.058023635440385135,-0.3369332704511957,0.08410509741071918,1.494641835431019,0.03866617764479654,2014-01-16
SWKS,,Strategy2,94,29,29,Neutral,ATR_3,False,True,25,0.4153846153846154,0.13846153846153847,0.3793103448275862,0.3448275862068966,0.20689655172413793,0.0002601696969504186,-0.06680817108596804,-0.4427117238449645,0.0794644330434899,1.1596459563379955,0.042874414228423245,2014-01-16
SYF,,Strategy1,21,8,8,Insufficient Data,OTM_10pct,True,False,25,0.3076923076923077,0.0,0.75,0.5,0.375,-0.07757170795725843,-0.11674850267741499,-0.2266493100777952,0.09999999999999998,1.1911327790240853,0.02582160731691475,2023-01-10
SYF,,Strategy2,27,11,11,Insufficient Data,OTM_10pct,True,True,25,0.3125,0.125,0.09090909090909091,0.09090909090909091,0.0,0.03114666775457753,-0.048847366748779986,-0.11553558467510083,0.09999999999999996,1.2195635548344366,0.025855400357438135,2023-01-10
SYK,,Strategy1,100,37,37,Neutral,OTM_10pct,True,False,25,0.25396825396825395,0.12698412698412698,0.05405405405405406,0.02702702702702703,0.02702702702702703,-0.0012932535024116065,-0.033795186107095865,-0.14557315371224433,0.10000000000000002,1.6343866275144476,0.021187529856671477,2012-09-07
SYK,,Strategy2,100,35,35,Effective,OTM_10pct,False,True,25,0.26153846153846155,0.15384615384615385,0.02857142857142857,0.0,0.0,0.036674773804834526,-0.024494574208294262,-0.10715484254986252,0.1,1.468442075784717,0.02377394627620235,2012-09-07
SYY,,Strategy1,109,39,39,Effective,OTM_7pct,True,False,25,0.3142857142857143,0.08571428571428572,0.15384615384615385,0.1282051282051282,0.02564102564102564,0.017769967511822582,-0.023571468534923756,-0.12746459879579097,0.07000000000000006,0.5820611898114766,0.019520130413324843,2010-08-17
SYY,,Strategy2,112,34,34,Effective,OTM_10pct,True,False,25,0.16666666666666666,0.05128205128205128,0.11764705882352941,0.08823529411764706,0.029411764705882353,0.0061733498845701895,-0.02981885211452534,-0.16503063740174462,0.10000000000000003,0.5041457860331447,0.020309104938751352,2010-08-17
T,,Strategy1,83,23,23,Neutral,OTM_5pct,True,False,25,0.3,0.08333333333333333,0.391304347826087,0.34782608695652173,0.17391304347826086,-0.018577247534274366,-0.0443332569841991,-0.16574029989417538,0.050000000000000044,0.3590578415307654,0.01697824582750806,2013-10-21
T,,Strategy2,103,28,28,Neutral,OTM_5pct,True,False,25,0.32,0.09333333333333334,0.42857142857142855,0.2857142857142857,0.25,-0.011207336392309808,-0.0329255750480833,-0.3026737838647374,0.050000000000000044,0.3973480339023837,0.018147094599175278,2013-10-21
TAP,,Strategy1,94,39,39,Not Effective,ATR_2.5,True,False,25,0.2545454545454545,0.14545454545454545,0.5384615384615384,0.41025641025641024,0.1282051282051282,0.0011309486110826494,-0.04428284530868709,-0.12643525631051844,0.048921095335645266,0.7698278803955819,0.02242966533294315,2011-04-04
TAP,,Strategy2,116,40,40,Neutral,OTM_10pct,False,True,25,0.2894736842105263,0.15789473684210525,0.225,0.125,0.075,-0.0009535757186211469,-0.0435288711049846,-0.12358315856811208,0.10000000000000002,0.7673941275169108,0.024509650037192337,2011-04-04
TDG,,Strategy1,62,16,16,Insufficient Data,OTM_10pct,True,False,25,0.2391304347826087,0.10869565217391304,0.1875,0.125,0.0,0.02421173206987881,-0.04014562229740343,-0.16031814555361157,0.09999999999999999,7.511774267469133,0.02096656287112526,2020-07-07
TDG,,Strategy2,45,16,17,Insufficient Data,ATR_2.5,True,True,25,0.32142857142857145,0.10714285714285714,0.375,0.375,0.125,0.03796077724645963,-0.044314975245552946,-0.17148342914525716,0.06086999490493619,10.612842714218868,0.02420735139768303,2020-07-07
TDY,,Strategy1,65,15,15,Insufficient Data,ATR_3,True,True,25,0.28,0.08,0.4,0.3333333333333333,0.26666666666666666,-0.023292469017018425,-0.04258218427840499,-0.14501475563014865,0.053120323522708075,2.6203736410036194,0.0230468480603599,2018-08-15
TDY,,Strategy2,65,20,20,Neutral,ATR_3,True,True,25,0.3111111111111111,0.022222222222222223,0.25,0.25,0.2,0.04768524345546643,-0.04280842220194181,-0.16514682404828063,0.05941573622736732,3.217401248806126,0.025303565128016348,2018-08-15
TECH,,Strategy1,70,19,19,Insufficient Data,ATR_3,True,False,25,0.3333333333333333,0.09803921568627451,0.3684210526315789,0.21052631578947367,0.10526315789473684,0.011895278774782803,-0.06431683368027441,-0.25555744146677906,0.07932360499374978,0.71535687775028,0.03109675003430254,2015-05-18
TECH,,Strategy2,83,22,22,Neutral,OTM_7pct,True,False,25,0.32786885245901637,0.09836065573770492,0.36363636363636365,0.3181818181818182,0.09090909090909091,0.025434439725234514,-0.04804367436035917,-0.2621843946067569,0.07000000000000008,0.5353121701082961,0.030113075064547246,2015-05-18
TEL,,Strategy1,59,18,19,Insufficient Data,ATR_3,True,True,25,0.325,0.15,0.3888888888888889,0.3888888888888889,0.16666666666666666,0.00032976282566754556,-0.053518181373394536,-0.18294088312158985,0.06093587243096678,1.815944119746691,0.019800287099524902,2020-11-18
TEL,,Strategy2,45,18,18,Insufficient Data,OTM_7pct,True,False,25,0.25925925925925924,0.14814814814814814,0.2777777777777778,0.2777777777777778,0.2222222222222222,0.04018020807489564,-0.0414673723192146,-0.17828846269044085,0.07000000000000008,1.8860158102852955,0.020717390555767642,2020-11-18
TER,,Strategy1,125,42,42,Neutral,OTM_10pct,False,True,25,0.43373493975903615,0.2891566265060241,0.2857142857142857,0.23809523809523808,0.21428571428571427,0.019202294387999808,-0.04983324012796503,-0.2811511844152931,0.1,0.9064319798605783,0.03199639729705647,2010-07-26
TER,,Strategy2,100,31,31,Neutral,ATR_3,False,False,25,0.391304347826087,0.2753623188405797,0.41935483870967744,0.2903225806451613,0.12903225806451613,0.022687572863988814,-0.06051665217386715,-0.38101562853431326,0.09058102593207593,0.9048525258472988,0.03481340272536532,2010-07-26
TFC,,Strategy1,69,27,27,Neutral,ATR_3,True,True,25,0.2857142857142857,0.11904761904761904,0.4074074074074074,0.3333333333333333,0.2222222222222222,0.002916134324060682,-0.03788653182760282,-0.17438744865329292,0.05582329722762101,0.6275057891387625,0.019730345694280334,2012-09-07
TFC,,Strategy2,95,38,38,Neutral,OTM_7pct,True,False,25,0.25,0.14285714285714285,0.23684210526315788,0.23684210526315788,0.18421052631578946,0.017337105881571335,-0.030370758473443116,-0.5649574048501191,0.07000000000000005,0.6710518237343408,0.02082926373227662,2012-09-07
TGT,,Strategy1,116,38,38,Neutral,ATR_3,True,False,25,0.3333333333333333,0.08974358974358974,0.4473684210526316,0.42105263157894735,0.23684210526315788,0.004529670057748736,-0.05769949050701517,-0.20837343952670784,0.06244326135186378,1.08875566030958,0.022378327304805823,2010-07-26
TGT,,Strategy2,121,35,35,Neutral,OTM_7pct,True,False,25,0.32558139534883723,0.10465116279069768,0.2857142857142857,0.2571428571428571,0.2,0.02347083313352072,-0.03110742351777418,-0.20769322062710727,0.07000000000000005,0.9183105501701447,0.022902488549045762,2010-07-26
TJX,,Strategy1,96,26,27,Neutral,OTM_7pct,True,False,25,0.3188405797101449,0.10144927536231885,0.3076923076923077,0.2692307692307692,0.11538461538461539,-0.0006507408391480118,-0.038066169919926784,-0.1445188007870336,0.07000000000000005,0.4893193728778334,0.023557319087146367,2014-11-18
TJX,,Strategy2,100,34,34,Effective,OTM_10pct,True,True,25,0.22727272727272727,0.12121212121212122,0.17647058823529413,0.14705882352941177,0.11764705882352941,0.024721858096531713,-0.038743988719983746,-0.23163119798223464,0.10000000000000005,0.5502518392247813,0.023230735991436307,2014-11-18
TKO,,Strategy1,62,18,19,Insufficient Data,OTM_10pct,True,False,25,0.3023255813953488,0.11627906976744186,0.3888888888888889,0.2222222222222222,0.16666666666666666,-0.01710113792850504,-0.07548129675160753,-0.290490473957961,0.09999999999999996,1.3386398669212094,0.028474367636495624,2018-08-06
TKO,,Strategy2,58,20,20,Effective,OTM_10pct,True,False,25,0.2894736842105263,0.10526315789473684,0.3,0.25,0.15,0.08742325139037466,-0.04551308941638177,-0.2534712771355332,0.09999999999999998,1.0502402494693621,0.028598238573489677,2018-08-06
TMO,,Strategy1,102,34,34,Neutral,OTM_7pct,True,False,25,0.3382352941176471,0.11764705882352941,0.3235294117647059,0.2647058823529412,0.20588235294117646,0.02200530022661107,-0.0417640265542239,-0.20376786300054694,0.07000000000000005,2.5214256490645957,0.02092901142734658,2012-09-07
TMO,,Strategy2,98,27,27,Effective,OTM_10pct,True,True,25,0.16901408450704225,0.056338028169014086,0.1111111111111111,0.1111111111111111,0.07407407407407407,0.023267481596831896,-0.030893391751627086,-0.19414857376453487,0.1,2.4719998097975817,0.02294072286845509,2012-09-07
TMUS,,Strategy1,47,10,10,Insufficient Data,OTM_10pct,False,False,25,0.2972972972972973,0.16216216216216217,0.0,0.0,0.0,-0.004760453677633059,-0.04457372701516926,-0.09786282053249573,0.09999999999999995,1.4352279970348785,0.028753619404099533,2020-11-02
TMUS,,Strategy2,59,19,19,Insufficient Data,OTM_10pct,True,False,25,0.225,0.15,0.3157894736842105,0.10526315789473684,0.05263157894736842,0.013121719965796474,-0.04312673943827672,-0.1352787481477825,0.09999999999999998,1.7796732195930391,0.025563373272593354,2020-11-02
TPL,,Strategy1,96,26,26,Effective,OTM_10pct,True,False,25,0.14285714285714285,0.08571428571428572,0.2692307692307692,0.19230769230769232,0.07692307692307693,0.1118784792674995,-0.05985795407636929,-0.2517067492650975,0.1,0.850542164629414,0.0216748358982127,2012-09-07
TPL,,Strategy2,102,40,40,Neutral,OTM_7pct,True,False,25,0.25806451612903225,0.14516129032258066,0.5,0.4,0.25,0.0093487058490056,-0.06749413247711172,-0.4242930904865393,0.07000000000000005,2.0182560149277626,0.024232027981014957,2012-09-07
TPR,,Strategy1,67,20,20,Neutral,OTM_10pct,False,True,25,0.3617021276595745,0.1276595744680851,0.3,0.3,0.2,0.017907428728614394,-0.04915472701593643,-0.23196838824778565,0.09999999999999992,1.1518283591849967,0.029049221067400578,2018-11-16
TPR,,Strategy2,68,24,24,Neutral,OTM_10pct,False,False,25,0.38636363636363635,0.22727272727272727,0.4166666666666667,0.3333333333333333,0.20833333333333334,0.02525863529921757,-0.07854735270616053,-0.246490193243166,0.09999999999999996,1.2361608009879332,0.030881477916027102,2018-11-16
TRGP,,Strategy1,36,11,11,Insufficient Data,OTM_5pct,True,False,25,0.28,0.08,0.7272727272727273,0.5454545454545454,0.2727272727272727,-0.012216310617194748,-0.07014414162502447,-0.19451094885181108,0.05000000000000004,2.0223216064392573,0.027252918591796585,2021-12-06
TRGP,,Strategy2,45,17,17,Insufficient Data,OTM_10pct,True,False,25,0.2857142857142857,0.10714285714285714,0.23529411764705882,0.17647058823529413,0.058823529411764705,0.0002318451370018071,-0.0484804236835108,-0.15768281239765247,0.09999999999999998,2.24052377731081,0.02977174659622107,2021-12-06
TRMB,,Strategy1,73,19,19,Insufficient Data,OTM_10pct,False,False,25,0.37037037037037035,0.1111111111111111,0.21052631578947367,0.15789473684210525,0.10526315789473684,0.005761460319162692,-0.027945450766653557,-0.5097991088074652,0.09999999999999995,0.5559923105277195,0.030861280122048973,2015-10-22
TRMB,,Strategy2,88,27,27,Effective,ATR_3,False,True,25,0.4262295081967213,0.13114754098360656,0.25925925925925924,0.2222222222222222,0.1111111111111111,0.03052120320364282,-0.040944857860174655,-0.2210913785319043,0.07018022421340038,0.5597743753876003,0.037461054402170964,2015-10-22
TROW,,Strategy1,99,29,29,Effective,OTM_10pct,True,False,25,0.2,0.08571428571428572,0.13793103448275862,0.13793103448275862,0.06896551724137931,0.025732921066296432,-0.04312078622493498,-0.16918995168129491,0.09999999999999999,1.2138074251136393,0.023286316790984786,2014-07-08
TROW,,Strategy2,74,25,25,Effective,OTM_10pct,True,False,25,0.24489795918367346,0.12244897959183673,0.16,0.16,0.04,0.030066519541473102,-0.05068089906246176,-0.14867843879734532,0.1,1.130937043074015,0.024887857219295657,2014-07-08
TRV,,Strategy1,103,26,26,Neutral,OTM_7pct,True,False,25,0.3116883116883117,0.11688311688311688,0.2692307692307692,0.19230769230769232,0.15384615384615385,0.00602430551247457,-0.042829885516248944,-0.12303421935156034,0.07000000000000006,1.0151032554954496,0.017998044816771624,2011-05-20
TRV,,Strategy2,106,39,39,Effective,OTM_7pct,True,False,25,0.26865671641791045,0.11940298507462686,0.20512820512820512,0.1282051282051282,0.07692307692307693,0.019587600808974592,-0.02530469136440394,-0.2626748097264111,0.07000000000000006,1.4305772138734394,0.01877298271645587,2011-05-20
TSCO,,Strategy1,64,20,20,Neutral,OTM_10pct,True,False,25,0.22727272727272727,0.11363636363636363,0.25,0.2,0.05,-0.012374538572814842,-0.05818978333242614,-0.1471223763462799,0.09999999999999999,0.3337667566873799,0.02781116450277357,2016-11-18
TSCO,,Strategy2,73,20,20,Neutral,OTM_10pct,False,False,25,0.24528301886792453,0.16981132075471697,0.2,0.15,0.1,-0.0045487771751450135,-0.06672340858013748,-0.24312069998189179,0.09999999999999996,0.33091650684519064,0.02912649638957363,2016-11-18
TSLA,,Strategy1,31,6,6,Insufficient Data,OTM_10pct,False,True,25,0.48,0.2,0.3333333333333333,0.3333333333333333,0.16666666666666666,0.00578266965425922,-0.05176092645299396,-0.20116393662026877,0.09999999999999998,3.966319580506619,0.03742449974359304,2021-10-18
TSLA,,Strategy2,34,10,10,Insufficient Data,OTM_10pct,False,True,25,0.375,0.041666666666666664,0.6,0.6,0.4,-0.02303935907117821,-0.14376256990413588,-0.32109602675788385,0.09999999999999998,4.125319287807,0.041133241684877316,2021-10-18
TSN,,Strategy1,84,30,30,Effective,OTM_10pct,True,False,25,0.24074074074074073,0.037037037037037035,0.16666666666666666,0.13333333333333333,0.1,0.022857909043919156,-0.04641364876889559,-0.23385917507871812,0.1,0.6342910664016698,0.024626723685688898,2012-09-07
TSN,,Strategy2,108,32,33,Neutral,OTM_10pct,True,False,25,0.18666666666666668,0.12,0.21875,0.21875,0.09375,-0.01844242357856718,-0.06085239599502007,-0.18670334905440933,0.1,0.6237193434326734,0.024213739104148518,2012-09-07
TT,,Strategy1,115,35,35,Effective,OTM_10pct,True,False,25,0.25,0.15,0.08571428571428572,0.0,0.0,0.011920282569865437,-0.03391430109987614,-0.11169711332309895,0.1,1.2668129652183249,0.021877452304886257,2012-09-07
TT,,Strategy2,108,45,45,Effective,OTM_10pct,True,True,25,0.19047619047619047,0.09523809523809523,0.13333333333333333,0.08888888888888889,0.044444444444444446,0.03397543351868282,-0.03528467350040687,-0.23792253524643292,0.09999999999999996,1.47225389649313,0.0226580133769215,2012-09-07
TTD,,Strategy1,19,5,5,Insufficient Data,OTM_10pct,False,False,25,0.5,0.14285714285714285,0.2,0.2,0.2,0.051885350813657416,-0.09160149434360043,-0.20564673783491605,0.09999999999999998,2.4821650578563377,0.041107953245383,2023-09-01
TTD,,Strategy2,25,6,7,Insufficient Data,ATR_2.5,True,True,25,0.3333333333333333,0.1111111111111111,0.5,0.5,0.3333333333333333,0.00743635660563946,-0.1366300823701883,-0.5576636227046237,0.09540851678850482,2.4546071393149242,0.0493764681148981,2023-09-01
TTWO,,Strategy1,63,20,20,Neutral,OTM_10pct,True,True,25,0.3488372093023256,0.09302325581395349,0.3,0.3,0.25,0.0070068503655567604,-0.05846463755827119,-0.20540442237075296,0.09999999999999996,1.691009926958149,0.03384606647578377,2017-11-01
TTWO,,Strategy2,65,24,24,Not Effective,ATR_2,True,True,25,0.3170731707317073,0.12195121951219512,0.6666666666666666,0.5833333333333334,0.3333333333333333,-0.01127722050963198,-0.07060197080381841,-0.2650094184947328,0.05684766000211755,1.970994604550875,0.03769862104327225,2017-11-01
TXN,,Strategy1,124,44,44,Effective,OTM_10pct,False,False,25,0.3875,0.175,0.1590909090909091,0.1590909090909091,0.06818181818181818,0.013309520104371031,-0.04285568864868411,-0.19790592364358728,0.1,1.1013993688168067,0.0256662884507395,2010-05-07
TXN,,Strategy2,129,45,45,Effective,OTM_7pct,True,False,25,0.34523809523809523,0.14285714285714285,0.26666666666666666,0.26666666666666666,0.13333333333333333,0.01520481347866065,-0.0418181563868667,-0.27406012743039243,0.07000000000000006,1.0866885174680523,0.025916029247215432,2010-05-07
TXT,,Strategy1,104,33,34,Neutral,OTM_10pct,True,True,25,0.18571428571428572,0.07142857142857142,0.2727272727272727,0.15151515151515152,0.15151515151515152,0.004347188120331413,-0.06029202562925495,-0.28871388157754674,0.1,0.6592569266046799,0.021296826963801287,2010-07-26
TXT,,Strategy2,137,48,48,Effective,OTM_10pct,True,True,25,0.21348314606741572,0.10112359550561797,0.10416666666666667,0.08333333333333333,0.041666666666666664,0.011797601901474497,-0.04336162567897511,-0.19068688182974292,0.09999999999999996,0.7011719744446626,0.022952734659670876,2010-07-26
TYL,,Strategy1,94,35,35,Effective,OTM_10pct,False,False,25,0.3389830508474576,0.15254237288135594,0.14285714285714285,0.11428571428571428,0.05714285714285714,0.01850288515253351,-0.039245812859350915,-0.2651665826389329,0.10000000000000003,2.297941747860343,0.02936032855720786,2012-09-07
TYL,,Strategy2,104,30,30,Effective,ATR_3,False,True,25,0.3783783783783784,0.1891891891891892,0.23333333333333334,0.13333333333333333,0.06666666666666667,0.06410162800181252,-0.028874721432853245,-0.18860217678931457,0.06746345931528538,1.9266565492847467,0.03245123475288315,2012-09-07
UAL,,Strategy1,46,13,13,Insufficient Data,ATR_3,False,False,25,0.3939393939393939,0.21212121212121213,0.5384615384615384,0.3076923076923077,0.07692307692307693,-0.01315551015584493,-0.10480155043479689,-0.2544716827134139,0.10215811747932012,1.470947309310392,0.03856881892410009,2020-06-25
UAL,,Strategy2,49,16,16,Insufficient Data,ATR_3,False,False,25,0.48484848484848486,0.3939393939393939,0.5625,0.5625,0.25,-0.007269244416442444,-0.1152838265117454,-0.35908360590200095,0.10947710318951784,1.8606850232049255,0.035655821599820316,2020-06-25
UBER,,Strategy1,18,7,7,Insufficient Data,OTM_10pct,False,True,25,0.45454545454545453,0.09090909090909091,0.2857142857142857,0.2857142857142857,0.0,-0.0009539342796984762,-0.07898989590731531,-0.25265736978433184,0.09999999999999996,2.0483613165598062,0.03564507648995313,2024-06-18
UBER,,Strategy2,21,8,9,Insufficient Data,ATR_1.5,False,False,25,0.4166666666666667,0.25,0.375,0.25,0.25,0.010013497450015785,-0.0272005955676331,-0.15769344875687064,0.049073321213434724,2.0573672015650737,0.034441923406633365,2024-06-18
UDR,,Strategy1,83,30,30,Neutral,ATR_2.5,True,True,25,0.3018867924528302,0.05660377358490566,0.4666666666666667,0.3333333333333333,0.16666666666666666,0.021291766749473418,-0.03960776723675552,-0.12830188616567129,0.04238977605674906,0.43653614221464543,0.01804493487187567,2012-09-07
UDR,,Strategy2,100,32,32,Neutral,ATR_2.5,True,False,25,0.3088235294117647,0.14705882352941177,0.375,0.3125,0.15625,0.019083727533686035,-0.02712704112084796,-0.15621590770346283,0.047345335145364834,0.44890536648886536,0.020057126890610233,2012-09-07
UHS,,Strategy1,89,29,29,Effective,OTM_10pct,True,False,25,0.2,0.13333333333333333,0.20689655172413793,0.13793103448275862,0.10344827586206896,0.01966517868654849,-0.04422541514308598,-0.22780679385606495,0.1,1.4239567623475196,0.024092650745174908,2013-02-01
UHS,,Strategy2,100,35,35,Neutral,OTM_10pct,True,False,25,0.2153846153846154,0.1076923076923077,0.2571428571428571,0.2,0.08571428571428572,-0.0019365030680587036,-0.06632590979432906,-0.22780679385606495,0.10000000000000003,1.2069024177959988,0.025715470508756097,2013-02-01
ULTA,,Strategy1,55,18,18,Insufficient Data,OTM_7pct,True,False,25,0.32432432432432434,0.10810810810810811,0.5555555555555556,0.3888888888888889,0.16666666666666666,0.001428221555628384,-0.07730736618042877,-0.21950197916959102,0.07000000000000005,6.092324835294252,0.027516670453271167,2020-12-30
ULTA,,Strategy2,42,12,12,Insufficient Data,ATR_3,True,True,25,0.3333333333333333,0.13333333333333333,0.08333333333333333,0.0,0.0,0.056592704266046234,-0.03762976550194441,-0.06198803568345679,0.08312484782986704,6.336615314289015,0.02856412967339136,2020-12-30
UNH,,Strategy1,109,34,34,Effective,OTM_10pct,True,True,25,0.26666666666666666,0.12,0.058823529411764705,0.029411764705882353,0.029411764705882353,0.007709889774673018,-0.031668109825431834,-0.14084983881447888,0.1,2.0628962698215583,0.02483286247200812,2014-01-29
UNH,,Strategy2,86,28,29,Effective,OTM_10pct,True,True,25,0.2807017543859649,0.12280701754385964,0.14285714285714285,0.07142857142857142,0.07142857142857142,0.030976707565129713,-0.05038201615830218,-0.1819217963351789,0.09999999999999999,2.6656090206531595,0.026973091920435798,2014-01-29
UNP,,Strategy1,120,33,33,Effective,OTM_7pct,True,True,25,0.3103448275862069,0.11494252873563218,0.15151515151515152,0.12121212121212122,0.06060606060606061,0.03700791735958697,-0.03382222493489584,-0.17916625235236938,0.07000000000000003,0.9846339848779498,0.019633026305087054,2012-08-16
UNP,,Strategy2,114,35,35,Neutral,ATR_3,True,True,25,0.2911392405063291,0.13924050632911392,0.42857142857142855,0.3142857142857143,0.14285714285714285,0.025034516433189546,-0.037167303190096534,-0.17736754956930045,0.056981316761045106,1.1457776824633281,0.0213404679308615,2012-08-16
UPS,,Strategy1,50,17,17,Insufficient Data,OTM_7pct,True,False,25,0.15151515151515152,0.06060606060606061,0.4117647058823529,0.35294117647058826,0.11764705882352941,-0.006425729462288254,-0.05429645959211171,-0.12724412332369583,0.07000000000000006,1.8357713481358116,0.016836056464039694,2018-08-13
UPS,,Strategy2,48,10,10,Insufficient Data,OTM_7pct,True,False,25,0.21052631578947367,0.13157894736842105,0.4,0.4,0.4,-0.029748141970869335,-0.04916947304050601,-0.14243527616688823,0.07000000000000006,1.4433741455986386,0.016762562794895665,2018-08-13
URI,,Strategy1,72,22,22,Neutral,OTM_10pct,False,False,25,0.36,0.16,0.45454545454545453,0.36363636363636365,0.18181818181818182,0.019554449171938937,-0.057333729863233596,-0.20536752109360001,0.1,5.484491986887796,0.032172192562318236,2018-01-17
URI,,Strategy2,57,21,21,Neutral,ATR_3,False,True,25,0.5,0.16666666666666666,0.2857142857142857,0.23809523809523808,0.19047619047619047,0.032419599018394196,-0.07127583664543535,-0.46541283694077684,0.09986754438838195,5.748198803803675,0.03458326686238615,2018-01-17
USB,,Strategy1,86,36,37,Effective,OTM_10pct,True,True,25,0.14285714285714285,0.08163265306122448,0.1111111111111111,0.08333333333333333,0.08333333333333333,0.0065904823947121605,-0.03451463842258834,-0.15964102678407954,0.10000000000000003,0.5465808691970534,0.018819772390347267,2010-08-16
USB,,Strategy2,114,41,41,Effective,OTM_7pct,True,False,25,0.2191780821917808,0.0958904109589041,0.24390243902439024,0.1951219512195122,0.12195121951219512,0.0003928591204795939,-0.039421344217936305,-0.19643669972389188,0.07000000000000003,0.48225491568632894,0.022131089872170204,2010-08-16
V,,Strategy1,47,11,11,Insufficient Data,ATR_3,True,True,25,0.3055555555555556,0.1388888888888889,0.45454545454545453,0.2727272727272727,0.18181818181818182,-0.00712068391211973,-0.036721451067526,-0.08075384417856457,0.0480614233955253,1.856059787483563,0.016973470082063926,2021-02-11
V,,Strategy2,44,13,13,Insufficient Data,OTM_7pct,True,False,25,0.22580645161290322,0.06451612903225806,0.3076923076923077,0.23076923076923078,0.23076923076923078,0.0018274427672597682,-0.04007579099204095,-0.15739303710784558,0.07000000000000006,2.416160780114013,0.020675653356136203,2021-02-11
VICI,,Strategy1,17,5,5,Insufficient Data,ATR_3,True,False,25,0.3333333333333333,0.08333333333333333,0.2,0.2,0.0,-0.021030247257714074,-0.02529722024731007,-0.1258015523430045,0.054858488827069805,0.5503991631900563,0.019443617147291658,2024-01-23
VICI,,Strategy2,33,15,16,Insufficient Data,OTM_10pct,True,False,25,0.17647058823529413,0.058823529411764705,0.2,0.2,0.0,-0.03452902076030384,-0.06895500232914398,-0.12793184392439483,0.09999999999999999,0.5618830924426323,0.01967421007921166,2024-01-23
VLO,,Strategy1,97,24,25,Neutral,OTM_10pct,True,True,25,0.2916666666666667,0.09722222222222222,0.2916666666666667,0.2916666666666667,0.20833333333333334,0.03129534683292645,-0.0448499966835183,-0.2577911483022651,0.09999999999999998,1.2062040746475355,0.030295036263676793,2013-03-27
VLO,,Strategy2,101,41,41,Neutral,OTM_10pct,True,False,25,0.26666666666666666,0.13333333333333333,0.36585365853658536,0.34146341463414637,0.17073170731707318,0.007321719503774693,-0.06655619741359098,-0.2616348549521701,0.10000000000000003,1.2898506989236262,0.029248596003785834,2013-03-27
VLTO,,Strategy1,2,0,0,Insufficient Data,OTM_7pct,True,,25,0.0,0.0,,,,,,,,1.912072045462472,0.0178937488973833,2025-10-15
VLTO,,Strategy2,8,1,1,Insufficient Data,OTM_10pct,True,False,25,0.14285714285714285,0.0,1.0,0.0,0.0,-0.08420634698923612,-0.11802854868642809,-0.11802854868642809,0.09999999999999995,1.8221072469438824,0.01770791940850664,2025-10-15
VMC,,Strategy1,111,39,39,Neutral,OTM_10pct,True,False,25,0.16666666666666666,0.125,0.1794871794871795,0.15384615384615385,0.07692307692307693,-0.003681814412791251,-0.03499778198029413,-0.5407034115482539,0.10000000000000002,1.305294398942356,0.018207447322693786,2010-07-26
VMC,,Strategy2,121,43,43,Not Effective,OTM_5pct,True,False,25,0.28205128205128205,0.1282051282051282,0.5348837209302325,0.46511627906976744,0.27906976744186046,0.015720433079470908,-0.05505618534799872,-0.2064493389997123,0.05000000000000006,1.4237930355274686,0.01927382290935108,2010-07-26
VRSK,,Strategy1,38,13,13,Insufficient Data,OTM_7pct,True,False,25,0.28,0.08,0.15384615384615385,0.07692307692307693,0.0,0.023967022434436602,-0.02672331075856238,-0.09086073922429083,0.07000000000000005,2.48883475038342,0.0165868587270805,2021-08-02
VRSK,,Strategy2,42,12,12,Insufficient Data,ATR_3,True,True,25,0.3,0.1,0.4166666666666667,0.3333333333333333,0.16666666666666666,-0.009938284382419893,-0.027821043634691178,-0.17971272336843924,0.05562522076002211,2.1924659605739873,0.017199338960354225,2021-08-02
VRSN,,Strategy1,75,21,21,Effective,OTM_10pct,True,True,25,0.3148148148148148,0.12962962962962962,0.14285714285714285,0.09523809523809523,0.09523809523809523,0.0025196042972115418,-0.04813435117899223,-0.21588338711887922,0.09999999999999998,2.84611814953032,0.03139439400748238,2018-01-30
VRSN,,Strategy2,58,12,12,Insufficient Data,ATR_3,False,True,25,0.3695652173913043,0.13043478260869565,0.3333333333333333,0.3333333333333333,0.3333333333333333,0.0023904353428316205,-0.045411703648090385,-0.29248108979115406,0.057372433065852844,2.033253026713291,0.03540256976490963,2018-01-30
VRTX,,Strategy1,85,24,25,Effective,ATR_3,False,False,25,0.2833333333333333,0.16666666666666666,0.3333333333333333,0.3333333333333333,0.125,0.008398136619330698,-0.04816440534328725,-0.20964580189408077,0.07804081586569657,2.848059907480448,0.03802551722432788,2016-02-11
VRTX,,Strategy2,82,27,27,Not Effective,ATR_3,False,True,25,0.36363636363636365,0.21818181818181817,0.3333333333333333,0.2962962962962963,0.25925925925925924,-0.0069856113066382175,-0.06680715709390384,-0.2380899925788572,0.075729647595128,2.74584791136951,0.041041525563812395,2016-02-11
VST,,Strategy1,27,8,9,Insufficient Data,OTM_7pct,True,False,25,0.3333333333333333,0.1111111111111111,0.375,0.375,0.125,0.07247813496782562,-0.039827028187706115,-0.16989999902746955,0.07000000000000003,1.8580451692853657,0.02751803267353343,2023-09-07
VST,,Strategy2,20,6,6,Insufficient Data,OTM_10pct,False,True,25,0.2857142857142857,0.21428571428571427,0.8333333333333334,0.8333333333333334,0.5,-0.05336387384840824,-0.1536002996382454,-0.20239615280126821,0.09999999999999998,2.3546822411673416,0.030047947058171615,2023-09-07
VTR,,Strategy1,68,20,20,Effective,OTM_7pct,True,False,25,0.3125,0.125,0.3,0.25,0.1,0.022050831075845934,-0.03722002771711014,-0.7862289796897457,0.07000000000000008,1.0475013649263307,0.021442507694873533,2017-11-07
VTR,,Strategy2,72,24,24,Effective,OTM_10pct,True,True,25,0.2708333333333333,0.125,0.20833333333333334,0.16666666666666666,0.125,0.011412826426044576,-0.04107136232999098,-0.2192249567183595,0.09999999999999998,0.9779954912170528,0.023426746619247582,2017-11-07
VTRS,,Strategy1,80,21,21,Neutral,OTM_10pct,False,True,25,0.3728813559322034,0.22033898305084745,0.2857142857142857,0.19047619047619047,0.14285714285714285,-0.011706476699234858,-0.04737728260581908,-0.26480996711889604,0.09999999999999994,0.3884590005236014,0.03195149668970453,2012-09-07
VTRS,,Strategy2,102,28,28,Neutral,ATR_3,True,True,25,0.32432432432432434,0.12162162162162163,0.42857142857142855,0.32142857142857145,0.21428571428571427,-0.004256527490045736,-0.052675369110788905,-0.26504693699409454,0.08399616326696768,0.4690590236200338,0.03065317790398962,2012-09-07
VZ,,Strategy1,88,17,17,Insufficient Data,OTM_10pct,True,False,25,0.15492957746478872,0.11267605633802817,0.058823529411764705,0.058823529411764705,0.0,-0.02754241239562738,-0.04237291823591893,-0.116905993366473,0.09999999999999998,0.5656950071260529,0.01672692295190756,2013-10-21
VZ,,Strategy2,106,36,36,Neutral,OTM_7pct,True,False,25,0.2571428571428571,0.1,0.19444444444444445,0.19444444444444445,0.1388888888888889,-0.01202966632105551,-0.03701825319051344,-0.1905571883718098,0.07000000000000006,0.6436151699878456,0.017521975270115096,2013-10-21
WAB,,Strategy1,87,21,21,Neutral,ATR_2.5,True,False,25,0.3484848484848485,0.13636363636363635,0.47619047619047616,0.42857142857142855,0.14285714285714285,0.01869158878504673,-0.058400851156231615,-0.16723549488054612,0.05367574417885068,1.1656936886666838,0.02491715027056022,2017-04-17
WAB,,Strategy2,68,17,17,Insufficient Data,OTM_10pct,False,False,25,0.27450980392156865,0.1568627450980392,0.17647058823529413,0.17647058823529413,0.058823529411764705,0.011923214108166436,-0.05897786132641214,-0.32278955166335044,0.09999999999999998,1.1758442651323915,0.026669384651920033,2017-04-17
WAT,,Strategy1,65,17,18,Insufficient Data,ATR_3,True,False,25,0.3191489361702128,0.10638297872340426,0.47058823529411764,0.47058823529411764,0.29411764705882354,0.028925605411465494,-0.056468786545469496,-0.2155291707972763,0.06560329419867476,3.1900725228445865,0.023086782004799935,2017-06-01
WAT,,Strategy2,71,17,17,Insufficient Data,OTM_10pct,True,True,25,0.2037037037037037,0.07407407407407407,0.29411764705882354,0.29411764705882354,0.17647058823529413,-0.01699837906918822,-0.059443267382760956,-0.21364485540513345,0.09999999999999999,2.607261272023621,0.023713696120604186,2017-06-01
WBD,,Strategy1,47,10,10,Insufficient Data,ATR_3,True,False,25,0.2972972972972973,0.10810810810810811,0.5,0.5,0.2,-0.03214624764055313,-0.07873645254354533,-0.22915385234341745,0.12149594156118707,0.5678970610841791,0.027372309485845254,2020-04-23
WBD,,Strategy2,52,16,16,Insufficient Data,OTM_10pct,True,False,25,0.25,0.1388888888888889,0.625,0.625,0.25,-0.038497396485002944,-0.1310798897320834,-0.23101774073015857,0.09999999999999995,0.6256077865977864,0.02869335690511129,2020-04-23
WDAY,,Strategy1,35,8,8,Insufficient Data,ATR_3,True,True,25,0.2962962962962963,0.14814814814814814,0.625,0.5,0.375,-0.007331800770782049,-0.11507867647510467,-0.18465450845308973,0.07348477102961712,4.092408207484655,0.027672568784517453,2022-06-28
WDAY,,Strategy2,38,14,14,Insufficient Data,ATR_2.5,True,False,25,0.3333333333333333,0.125,0.5,0.5,0.35714285714285715,-0.01682522146467713,-0.07121061228254971,-0.1775605025972895,0.07115531835578769,4.675300920816292,0.029726658031126448,2022-06-28
WDC,,Strategy1,102,40,40,Neutral,ATR_3,False,True,25,0.3870967741935484,0.1774193548387097,0.325,0.325,0.2,0.020314192242256723,-0.06647208697860724,-0.2694214981325158,0.09588173005634235,1.035776188019444,0.03866868329756028,2012-04-11
WDC,,Strategy2,95,34,34,Effective,ATR_3,False,False,25,0.3442622950819672,0.22950819672131148,0.23529411764705882,0.20588235294117646,0.14705882352941177,0.02973141728425943,-0.058132993096786156,-0.22448312495569311,0.09853612419341616,0.9056902410050978,0.04153030395449467,2012-04-11
WEC,,Strategy1,102,35,35,Neutral,ATR_3,True,True,25,0.26865671641791045,0.11940298507462686,0.37142857142857144,0.2857142857142857,0.11428571428571428,0.03007770818043065,-0.03912883271521428,-0.12254520662417723,0.04650947149064403,0.5274520332739802,0.01578627796027485,2012-09-07
WEC,,Strategy2,122,35,35,Effective,OTM_5pct,True,False,25,0.3103448275862069,0.13793103448275862,0.2571428571428571,0.22857142857142856,0.14285714285714285,0.01655741793811738,-0.024341819007051235,-0.10781200959052484,0.050000000000000044,0.5132407627005209,0.015950684826407113,2012-09-07
WELL,,Strategy1,87,30,30,Effective,OTM_7pct,True,False,25,0.19298245614035087,0.05263157894736842,0.16666666666666666,0.16666666666666666,0.1,0.011349247023908715,-0.03786197010624359,-0.09970478582767217,0.07000000000000005,0.8432225546813367,0.018200758988084677,2012-09-10
WELL,,Strategy2,109,35,35,Effective,OTM_7pct,True,True,25,0.3108108108108108,0.10810810810810811,0.14285714285714285,0.14285714285714285,0.05714285714285714,0.018003277095324455,-0.034995197857285554,-0.13139449623127275,0.07000000000000008,0.9652529275276712,0.019877181232265676,2012-09-10
WFC,,Strategy1,103,37,37,Effective,OTM_10pct,True,False,25,0.21212121212121213,0.045454545454545456,0.10810810810810811,0.02702702702702703,0.0,0.01589241833892774,-0.03567617890725916,-0.11848449914600712,0.10000000000000002,0.5589960474577756,0.021167339071853426,2010-05-07
WFC,,Strategy2,121,39,40,Neutral,ATR_3,True,False,25,0.2839506172839506,0.07407407407407407,0.38461538461538464,0.3076923076923077,0.20512820512820512,0.01307327424919369,-0.051996352247548505,-0.17994459477551894,0.06579123937041907,0.5495226743511213,0.021950951220199827,2010-05-07
WM,,Strategy1,76,22,22,Effective,OTM_10pct,True,True,25,0.2037037037037037,0.037037037037037035,0.0,0.0,0.0,0.04452157002968615,-0.016848197265763032,-0.07183493283879616,0.09999999999999999,1.0470724464359142,0.02064151493224218,2015-03-10
WM,,Strategy2,83,30,30,Effective,OTM_10pct,False,True,25,0.2641509433962264,0.1509433962264151,0.03333333333333333,0.03333333333333333,0.0,0.016443784398144645,-0.021052877169989992,-0.12191404832641173,0.10000000000000002,1.209352373461305,0.023142220376922255,2015-03-10
WMB,,Strategy1,97,23,23,Effective,OTM_10pct,True,False,25,0.20270270270270271,0.10810810810810811,0.17391304347826086,0.13043478260869565,0.08695652173913043,0.0031492507742134634,-0.05274261622240706,-0.18538135792986943,0.09999999999999998,0.49484544895885624,0.025992555183724526,2013-03-27
WMB,,Strategy2,104,35,35,Effective,OTM_10pct,True,False,25,0.2028985507246377,0.13043478260869565,0.14285714285714285,0.08571428571428572,0.05714285714285714,0.003942146181978634,-0.049295729125592325,-0.1765481061460853,0.10000000000000003,0.5211593589776167,0.02633879283519783,2013-03-27
WMT,,Strategy1,123,35,36,Not Effective,ATR_3,True,False,25,0.26436781609195403,0.11494252873563218,0.5142857142857142,0.4,0.2571428571428571,-0.0035461263453706593,-0.042522271583458116,-0.13161923967617872,0.042533330773177266,0.30334672925866163,0.020032503419878517,2010-06-03
WMT,,Strategy2,112,35,35,Effective,OTM_7pct,True,False,25,0.3246753246753247,0.14285714285714285,0.14285714285714285,0.08571428571428572,0.02857142857142857,0.0061393477285554,-0.031055899885286564,-0.12657349338386947,0.07000000000000006,0.34757977661828754,0.020539483477626592,2010-06-03
WRB,,Strategy1,84,40,40,Neutral,OTM_7pct,True,False,25,0.25,0.09090909090909091,0.175,0.15,0.075,-0.004059568280299797,-0.030658261737174508,-0.1375134716756432,0.07000000000000008,0.27688071445314855,0.019931210168490577,2010-10-06
WRB,,Strategy2,97,38,38,Effective,OTM_10pct,True,True,25,0.2711864406779661,0.11864406779661017,0.02631578947368421,0.02631578947368421,0.02631578947368421,0.011037431792283559,-0.03512583174328249,-0.1075181839943844,0.10000000000000002,0.2424714324367679,0.022840542910357354,2010-10-06
WSM,,Strategy1,102,35,35,Effective,OTM_10pct,True,False,25,0.34328358208955223,0.13432835820895522,0.2,0.2,0.14285714285714285,0.007408031028599549,-0.06810039626667086,-0.19250198494082094,0.10000000000000002,1.0171754540306848,0.030977822866604582,2013-09-10
WSM,,Strategy2,96,28,28,Neutral,OTM_10pct,False,False,25,0.3088235294117647,0.17647058823529413,0.2857142857142857,0.21428571428571427,0.07142857142857142,-0.013848599695881758,-0.06323356258858298,-0.6489404573559148,0.1,0.7540297232058255,0.032137959939457186,2013-09-10
WST,,Strategy1,104,38,38,Effective,OTM_10pct,True,False,25,0.21212121212121213,0.13636363636363635,0.15789473684210525,0.13157894736842105,0.07894736842105263,0.009896026355315057,-0.04466875946458709,-0.4258109559097425,0.10000000000000003,1.6984703092129674,0.019192809100102536,2012-09-07
WST,,Strategy2,97,35,36,Not Effective,ATR_3,True,True,25,0.3114754098360656,0.14754098360655737,0.34285714285714286,0.34285714285714286,0.3142857142857143,0.001238540916081332,-0.05860079594425438,-0.4205588396857767,0.06900462091993033,1.8314283561285176,0.019478134798615248,2012-09-07
WTW,,Strategy1,62,21,21,Neutral,ATR_3,True,True,25,0.3170731707317073,0.14634146341463414,0.2857142857142857,0.2857142857142857,0.23809523809523808,0.030245207766587345,-0.032085595363442354,-0.27780871881847946,0.05765296258150249,2.710454114571145,0.01814665383466672,2019-02-04
WTW,,Strategy2,60,20,20,Neutral,OTM_7pct,True,True,25,0.3,0.15,0.25,0.2,0.2,0.03132358131620938,-0.022672201032946093,-0.18398764116661837,0.07000000000000005,2.945577444349017,0.019048659721989016,2019-02-04
WY,,Strategy1,116,34,34,Neutral,OTM_10pct,True,False,25,0.21951219512195122,0.10975609756097561,0.17647058823529413,0.14705882352941177,0.058823529411764705,-0.009999386028057555,-0.056816348059433586,-0.2889887777607093,0.1,0.8752124591413978,0.023043427451179894,2010-08-16
WY,,Strategy2,128,47,47,Effective,OTM_10pct,True,True,25,0.16049382716049382,0.07407407407407407,0.1276595744680851,0.10638297872340426,0.0851063829787234,0.0019040074876144342,-0.04872704184993504,-0.15607120121740503,0.09999999999999996,0.7736481215272631,0.022743628447417532,2010-08-16
WYNN,,Strategy1,52,17,18,Insufficient Data,OTM_10pct,False,False,25,0.38235294117647056,0.17647058823529413,0.35294117647058826,0.29411764705882354,0.17647058823529413,-0.03743799137860426,-0.06819909183535933,-0.23069920701543,0.09999999999999998,3.1397664311167945,0.030991547772777166,2019-07-02
WYNN,,Strategy2,53,16,16,Insufficient Data,ATR_2.5,True,False,25,0.32432432432432434,0.10810810810810811,0.5,0.375,0.1875,-0.02179028975945363,-0.07106316264814921,-0.13768707759796628,0.08466637420472886,3.2797170366559705,0.03355441082614945,2019-07-02
XEL,,Strategy1,109,37,37,Effective,OTM_5pct,True,False,25,0.3055555555555556,0.1388888888888889,0.24324324324324326,0.21621621621621623,0.08108108108108109,0.016441430566412008,-0.021020006916932066,-0.13534945548786748,0.05000000000000004,0.4592455998941924,0.01594434635356848,2010-07-26
XEL,,Strategy2,119,36,36,Effective,OTM_7pct,True,False,25,0.1927710843373494,0.08433734939759036,0.19444444444444445,0.1388888888888889,0.1111111111111111,0.017634462669293582,-0.028542200106183302,-0.12390772115299709,0.07000000000000005,0.4682758086297263,0.016362547883094148,2010-07-26
XOM,,Strategy1,146,39,39,Not Effective,ATR_3,True,True,25,0.34579439252336447,0.102803738317757,0.4358974358974359,0.3333333333333333,0.2564102564102564,0.012533728872399008,-0.0442620857591961,-0.15773873575173147,0.051991353375260556,0.5860646078964503,0.016420076614760224,2007-04-04
XOM,,Strategy2,160,46,46,Neutral,OTM_5pct,True,False,25,0.30701754385964913,0.11403508771929824,0.5,0.41304347826086957,0.21739130434782608,-0.007589704153708132,-0.04951527876825701,-0.29792521032020425,0.05000000000000004,0.675801113567182,0.01746178968168926,2007-04-04
XYL,,Strategy1,41,11,11,Insufficient Data,ATR_2.5,True,True,25,0.3333333333333333,0.1,0.2727272727272727,0.18181818181818182,0.18181818181818182,0.04451593958034339,-0.025888805135171444,-0.14242237617868514,0.05143015554735417,1.5556271782320135,0.019300882393109297,2022-03-10
XYL,,Strategy2,27,8,8,Insufficient Data,ATR_3,True,False,25,0.3157894736842105,0.05263157894736842,0.375,0.375,0.0,0.04604784195707401,-0.022866741253803446,-0.12193142386394673,0.06204294599582181,1.4407144929996873,0.02027350613920909,2022-03-10
XYZ,,Strategy1,22,8,8,Insufficient Data,OTM_10pct,False,True,25,0.21428571428571427,0.21428571428571427,0.375,0.375,0.375,-0.05302630029744343,-0.0725736196460558,-0.25490959331129615,0.09999999999999998,3.674866970483358,0.03800308596592194,2023-06-02
XYZ,,Strategy2,20,3,3,Insufficient Data,ATR_3,False,True,25,0.35294117647058826,0.11764705882352941,0.0,0.0,0.0,0.11247531967335078,-0.07602036309112137,-0.07620662544970469,0.11575547770498938,3.978664115497044,0.03755567580867396,2023-06-02
YUM,,Strategy1,66,16,16,Insufficient Data,ATR_2.5,True,False,25,0.34,0.06,0.4375,0.4375,0.1875,0.01007185575925662,-0.024632820381261633,-0.1185968116945888,0.037118658459278704,0.8273042873902753,0.019252239524167304,2017-12-18
YUM,,Strategy2,75,19,19,Insufficient Data,OTM_10pct,True,True,25,0.17857142857142858,0.10714285714285714,0.0,0.0,0.0,0.011082938168082812,-0.03226318093146063,-0.08268863474790722,0.09999999999999998,0.8961157367342993,0.021794490167535374,2017-12-18
ZBH,,Strategy1,58,12,12,Insufficient Data,OTM_7pct,True,False,25,0.2608695652173913,0.13043478260869565,0.5,0.3333333333333333,0.16666666666666666,-0.037447771280869735,-0.06947456489784137,-0.5328517901469063,0.07000000000000005,1.6473132589180486,0.018155778993595453,2019-02-15
ZBH,,Strategy2,58,19,19,Insufficient Data,OTM_7pct,True,False,25,0.3076923076923077,0.10256410256410256,0.2631578947368421,0.21052631578947367,0.10526315789473684,0.01521025499874007,-0.03381166687811621,-0.3060834244085622,0.07000000000000005,1.9519652662606075,0.021358330688862052,2019-02-15
ZBRA,,Strategy1,81,22,23,Neutral,ATR_3,False,True,25,0.3620689655172414,0.20689655172413793,0.5,0.3181818181818182,0.22727272727272727,-0.013338394842349832,-0.07043455113250091,-0.2797685530161812,0.0810266519227081,2.8054828896093618,0.02957353958715748,2016-02-19
ZBRA,,Strategy2,75,24,24,Neutral,OTM_10pct,True,True,25,0.19607843137254902,0.11764705882352941,0.20833333333333334,0.20833333333333334,0.20833333333333334,0.05065447293651981,-0.050038598404541834,-0.354242519579681,0.09999999999999998,3.115486510367621,0.03040099142653273,2016-02-19
ZTS,,Strategy1,27,8,8,Insufficient Data,ATR_2,True,True,25,0.3157894736842105,0.05263157894736842,0.5,0.375,0.125,-0.010732550506690808,-0.05291776176531149,-0.10143238390451026,0.04472920365324791,2.2896034906780907,0.01879312606718786,2022-07-29
ZTS,,Strategy2,29,9,10,Insufficient Data,ATR_2,True,True,25,0.3157894736842105,0.10526315789473684,0.4444444444444444,0.4444444444444444,0.3333333333333333,-0.009446525895830282,-0.04691278854472525,-0.1682298935084513,0.05487204615042911,2.5494581372867073,0.021575048979693687,2022-07-29
